Dependency=ASHRAE IECC Climate Zone 2004	Dependency=Cooling Setpoint Has Offset	Dependency=Geometry Building Type RECS	Option=Day and Night Setup	Option=Day and Night Setup -1h	Option=Day and Night Setup -2h	Option=Day and Night Setup -3h	Option=Day and Night Setup -4h	Option=Day and Night Setup -5h	Option=Day and Night Setup +1h	Option=Day and Night Setup +2h	Option=Day and Night Setup +3h	Option=Day and Night Setup +4h	Option=Day and Night Setup +5h	Option=Day Setup	Option=Day Setup -1h	Option=Day Setup -2h	Option=Day Setup -3h	Option=Day Setup -4h	Option=Day Setup -5h	Option=Day Setup +1h	Option=Day Setup +2h	Option=Day Setup +3h	Option=Day Setup +4h	Option=Day Setup +5h	Option=Day Setup and Night Setback	Option=Day Setup and Night Setback -1h	Option=Day Setup and Night Setback -2h	Option=Day Setup and Night Setback -3h	Option=Day Setup and Night Setback -4h	Option=Day Setup and Night Setback -5h	Option=Day Setup and Night Setback +1h	Option=Day Setup and Night Setback +2h	Option=Day Setup and Night Setback +3h	Option=Day Setup and Night Setback +4h	Option=Day Setup and Night Setback +5h	Option=Night Setback	Option=Night Setback -1h	Option=Night Setback -2h	Option=Night Setback -3h	Option=Night Setback -4h	Option=Night Setback -5h	Option=Night Setback +1h	Option=Night Setback +2h	Option=Night Setback +3h	Option=Night Setback +4h	Option=Night Setback +5h	Option=Night Setup	Option=Night Setup -1h	Option=Night Setup -2h	Option=Night Setup -3h	Option=Night Setup -4h	Option=Night Setup -5h	Option=Night Setup +1h	Option=Night Setup +2h	Option=Night Setup +3h	Option=Night Setup +4h	Option=Night Setup +5h	Option=None	source_count	source_weight	fallback_count	fallback_weight
1A	No	Mobile Home	0	0	0	0	0	0	0	0	0	0	0	0	0	0	0	0	0	0	0	0	0	0	0	0	0	0	0	0	0	0	0	0	0	0	0	0	0	0	0	0	0	0	0	0	0	0	0	0	0	0	0	0	0	0	0	1	0	0	136	416339
1A	Yes	Mobile Home	0.00100765	0.00100765	0.00100765	0.00100765	0.00100765	0.00100765	0.00100765	0.00100765	0.00100765	0.00100765	0.00100765	0.00693472	0.00693472	0.00693472	0.00693472	0.00693472	0.00693472	0.00693472	0.00693472	0.00693472	0.00693472	0.00693472	0.0131586	0.0131586	0.0131586	0.0131586	0.0131586	0.0131586	0.0131586	0.0131586	0.0131586	0.0131586	0.0131586	0.0647765	0.0647765	0.0647765	0.0647765	0.0647765	0.0647765	0.0647765	0.0647765	0.0647765	0.0647765	0.0647765	0.00503159	0.00503159	0.00503159	0.00503159	0.00503159	0.00503159	0.00503159	0.00503159	0.00503159	0.00503159	0.00503159	0	1	16405.8	140	734046
1A	No	Multi-Family with 2 - 4 Units	0	0	0	0	0	0	0	0	0	0	0	0	0	0	0	0	0	0	0	0	0	0	0	0	0	0	0	0	0	0	0	0	0	0	0	0	0	0	0	0	0	0	0	0	0	0	0	0	0	0	0	0	0	0	0	1	12	74282.1	12	74282.1
1A	Yes	Multi-Family with 2 - 4 Units	0.00286465	0.00286465	0.00286465	0.00286465	0.00286465	0.00286465	0.00286465	0.00286465	0.00286465	0.00286465	0.00286465	0.00253123	0.00253123	0.00253123	0.00253123	0.00253123	0.00253123	0.00253123	0.00253123	0.00253123	0.00253123	0.00253123	0.0159805	0.0159805	0.0159805	0.0159805	0.0159805	0.0159805	0.0159805	0.0159805	0.0159805	0.0159805	0.0159805	0.0673902	0.0673902	0.0673902	0.0673902	0.0673902	0.0673902	0.0673902	0.0673902	0.0673902	0.0673902	0.0673902	0.00214248	0.00214248	0.00214248	0.00214248	0.00214248	0.00214248	0.00214248	0.00214248	0.00214248	0.00214248	0.00214248	0	11	77575.4	11	77575.4
1A	No	Multi-Family with 5+ Units	0	0	0	0	0	0	0	0	0	0	0	0	0	0	0	0	0	0	0	0	0	0	0	0	0	0	0	0	0	0	0	0	0	0	0	0	0	0	0	0	0	0	0	0	0	0	0	0	0	0	0	0	0	0	0	1	55	398899	55	398899
1A	Yes	Multi-Family with 5+ Units	0.00493975	0.00493975	0.00493975	0.00493975	0.00493975	0.00493975	0.00493975	0.00493975	0.00493975	0.00493975	0.00493975	0.0128687	0.0128687	0.0128687	0.0128687	0.0128687	0.0128687	0.0128687	0.0128687	0.0128687	0.0128687	0.0128687	0.0113917	0.0113917	0.0113917	0.0113917	0.0113917	0.0113917	0.0113917	0.0113917	0.0113917	0.0113917	0.0113917	0.0566018	0.0566018	0.0566018	0.0566018	0.0566018	0.0566018	0.0566018	0.0566018	0.0566018	0.0566018	0.0566018	0.00510702	0.00510702	0.00510702	0.00510702	0.00510702	0.00510702	0.00510702	0.00510702	0.00510702	0.00510702	0.00510702	0	46	448813	46	448813
1A	No	Single-Family Attached	0	0	0	0	0	0	0	0	0	0	0	0	0	0	0	0	0	0	0	0	0	0	0	0	0	0	0	0	0	0	0	0	0	0	0	0	0	0	0	0	0	0	0	0	0	0	0	0	0	0	0	0	0	0	0	1	20	29818.2	20	29818.2
1A	Yes	Single-Family Attached	0.00509858	0.00509858	0.00509858	0.00509858	0.00509858	0.00509858	0.00509858	0.00509858	0.00509858	0.00509858	0.00509858	0.0134991	0.0134991	0.0134991	0.0134991	0.0134991	0.0134991	0.0134991	0.0134991	0.0134991	0.0134991	0.0134991	0.0145237	0.0145237	0.0145237	0.0145237	0.0145237	0.0145237	0.0145237	0.0145237	0.0145237	0.0145237	0.0145237	0.0577877	0.0577877	0.0577877	0.0577877	0.0577877	0.0577877	0.0577877	0.0577877	0.0577877	0.0577877	0.0577877	0	0	0	0	0	0	0	0	0	0	0	0	26	145072	26	145072
1A	No	Single-Family Detached	0	0	0	0	0	0	0	0	0	0	0	0	0	0	0	0	0	0	0	0	0	0	0	0	0	0	0	0	0	0	0	0	0	0	0	0	0	0	0	0	0	0	0	0	0	0	0	0	0	0	0	0	0	0	0	1	116	386521	116	386521
1A	Yes	Single-Family Detached	0	0	0	0	0	0	0	0	0	0	0	0.0054702	0.0054702	0.0054702	0.0054702	0.0054702	0.0054702	0.0054702	0.0054702	0.0054702	0.0054702	0.0054702	0.0131898	0.0131898	0.0131898	0.0131898	0.0131898	0.0131898	0.0131898	0.0131898	0.0131898	0.0131898	0.0131898	0.0684033	0.0684033	0.0684033	0.0684033	0.0684033	0.0684033	0.0684033	0.0684033	0.0684033	0.0684033	0.0684033	0.00384579	0.00384579	0.00384579	0.00384579	0.00384579	0.00384579	0.00384579	0.00384579	0.00384579	0.00384579	0.00384579	0	113	572568	113	572568
2A	No	Mobile Home	0	0	0	0	0	0	0	0	0	0	0	0	0	0	0	0	0	0	0	0	0	0	0	0	0	0	0	0	0	0	0	0	0	0	0	0	0	0	0	0	0	0	0	0	0	0	0	0	0	0	0	0	0	0	0	1	64	731853	64	731853
2A	Yes	Mobile Home	0.00118048	0.00118048	0.00118048	0.00118048	0.00118048	0.00118048	0.00118048	0.00118048	0.00118048	0.00118048	0.00118048	0.00760987	0.00760987	0.00760987	0.00760987	0.00760987	0.00760987	0.00760987	0.00760987	0.00760987	0.00760987	0.00760987	0.0135825	0.0135825	0.0135825	0.0135825	0.0135825	0.0135825	0.0135825	0.0135825	0.0135825	0.0135825	0.0135825	0.0636595	0.0636595	0.0636595	0.0636595	0.0636595	0.0636595	0.0636595	0.0636595	0.0636595	0.0636595	0.0636595	0.00487673	0.00487673	0.00487673	0.00487673	0.00487673	0.00487673	0.00487673	0.00487673	0.00487673	0.00487673	0.00487673	0	44	484521	44	484521
2A	No	Multi-Family with 2 - 4 Units	0	0	0	0	0	0	0	0	0	0	0	0	0	0	0	0	0	0	0	0	0	0	0	0	0	0	0	0	0	0	0	0	0	0	0	0	0	0	0	0	0	0	0	0	0	0	0	0	0	0	0	0	0	0	0	1	50	524440	50	524440
2A	Yes	Multi-Family with 2 - 4 Units	0.00211328	0.00211328	0.00211328	0.00211328	0.00211328	0.00211328	0.00211328	0.00211328	0.00211328	0.00211328	0.00211328	0.00714209	0.00714209	0.00714209	0.00714209	0.00714209	0.00714209	0.00714209	0.00714209	0.00714209	0.00714209	0.00714209	0.0141836	0.0141836	0.0141836	0.0141836	0.0141836	0.0141836	0.0141836	0.0141836	0.0141836	0.0141836	0.0141836	0.0460216	0.0460216	0.0460216	0.0460216	0.0460216	0.0460216	0.0460216	0.0460216	0.0460216	0.0460216	0.0460216	0.0214485	0.0214485	0.0214485	0.0214485	0.0214485	0.0214485	0.0214485	0.0214485	0.0214485	0.0214485	0.0214485	0	24	264240	24	264240
2A	No	Multi-Family with 5+ Units	0	0	0	0	0	0	0	0	0	0	0	0	0	0	0	0	0	0	0	0	0	0	0	0	0	0	0	0	0	0	0	0	0	0	0	0	0	0	0	0	0	0	0	0	0	0	0	0	0	0	0	0	0	0	0	1	96	1.41094e+06	96	1.41094e+06
2A	Yes	Multi-Family with 5+ Units	0.00121717	0.00121717	0.00121717	0.00121717	0.00121717	0.00121717	0.00121717	0.00121717	0.00121717	0.00121717	0.00121717	0.00911334	0.00911334	0.00911334	0.00911334	0.00911334	0.00911334	0.00911334	0.00911334	0.00911334	0.00911334	0.00911334	0.00564523	0.00564523	0.00564523	0.00564523	0.00564523	0.00564523	0.00564523	0.00564523	0.00564523	0.00564523	0.00564523	0.0680563	0.0680563	0.0680563	0.0680563	0.0680563	0.0680563	0.0680563	0.0680563	0.0680563	0.0680563	0.0680563	0.00687708	0.00687708	0.00687708	0.00687708	0.00687708	0.00687708	0.00687708	0.00687708	0.00687708	0.00687708	0.00687708	0	74	1.06707e+06	74	1.06707e+06
2A	No	Single-Family Attached	0	0	0	0	0	0	0	0	0	0	0	0	0	0	0	0	0	0	0	0	0	0	0	0	0	0	0	0	0	0	0	0	0	0	0	0	0	0	0	0	0	0	0	0	0	0	0	0	0	0	0	0	0	0	0	1	54	361949	54	361949
2A	Yes	Single-Family Attached	0.010461	0.010461	0.010461	0.010461	0.010461	0.010461	0.010461	0.010461	0.010461	0.010461	0.010461	0.0139402	0.0139402	0.0139402	0.0139402	0.0139402	0.0139402	0.0139402	0.0139402	0.0139402	0.0139402	0.0139402	0.0144026	0.0144026	0.0144026	0.0144026	0.0144026	0.0144026	0.0144026	0.0144026	0.0144026	0.0144026	0.0144026	0.05013	0.05013	0.05013	0.05013	0.05013	0.05013	0.05013	0.05013	0.05013	0.05013	0.05013	0.00197541	0.00197541	0.00197541	0.00197541	0.00197541	0.00197541	0.00197541	0.00197541	0.00197541	0.00197541	0.00197541	0	39	210809	39	210809
2A	No	Single-Family Detached	0	0	0	0	0	0	0	0	0	0	0	0	0	0	0	0	0	0	0	0	0	0	0	0	0	0	0	0	0	0	0	0	0	0	0	0	0	0	0	0	0	0	0	0	0	0	0	0	0	0	0	0	0	0	0	1	555	5.27779e+06	555	5.27779e+06
2A	Yes	Single-Family Detached	0.000984911	0.000984911	0.000984911	0.000984911	0.000984911	0.000984911	0.000984911	0.000984911	0.000984911	0.000984911	0.000984911	0.00756304	0.00756304	0.00756304	0.00756304	0.00756304	0.00756304	0.00756304	0.00756304	0.00756304	0.00756304	0.00756304	0.0071797	0.0071797	0.0071797	0.0071797	0.0071797	0.0071797	0.0071797	0.0071797	0.0071797	0.0071797	0.0071797	0.0663249	0.0663249	0.0663249	0.0663249	0.0663249	0.0663249	0.0663249	0.0663249	0.0663249	0.0663249	0.0663249	0.00885659	0.00885659	0.00885659	0.00885659	0.00885659	0.00885659	0.00885659	0.00885659	0.00885659	0.00885659	0.00885659	0	459	4.12767e+06	459	4.12767e+06
2B	No	Mobile Home	0	0	0	0	0	0	0	0	0	0	0	0	0	0	0	0	0	0	0	0	0	0	0	0	0	0	0	0	0	0	0	0	0	0	0	0	0	0	0	0	0	0	0	0	0	0	0	0	0	0	0	0	0	0	0	1	24	169122	24	169122
2B	Yes	Mobile Home	0.00181712	0.00181712	0.00181712	0.00181712	0.00181712	0.00181712	0.00181712	0.00181712	0.00181712	0.00181712	0.00181712	0.00473627	0.00473627	0.00473627	0.00473627	0.00473627	0.00473627	0.00473627	0.00473627	0.00473627	0.00473627	0.00473627	0.00887686	0.00887686	0.00887686	0.00887686	0.00887686	0.00887686	0.00887686	0.00887686	0.00887686	0.00887686	0.00887686	0.0584909	0.0584909	0.0584909	0.0584909	0.0584909	0.0584909	0.0584909	0.0584909	0.0584909	0.0584909	0.0584909	0.016988	0.016988	0.016988	0.016988	0.016988	0.016988	0.016988	0.016988	0.016988	0.016988	0.016988	0	8	57983.2	171	844700
2B	No	Multi-Family with 2 - 4 Units	0	0	0	0	0	0	0	0	0	0	0	0	0	0	0	0	0	0	0	0	0	0	0	0	0	0	0	0	0	0	0	0	0	0	0	0	0	0	0	0	0	0	0	0	0	0	0	0	0	0	0	0	0	0	0	1	12	114872	12	114872
2B	Yes	Multi-Family with 2 - 4 Units	0	0	0	0	0	0	0	0	0	0	0	0.00913672	0.00913672	0.00913672	0.00913672	0.00913672	0.00913672	0.00913672	0.00913672	0.00913672	0.00913672	0.00913672	0.0105825	0.0105825	0.0105825	0.0105825	0.0105825	0.0105825	0.0105825	0.0105825	0.0105825	0.0105825	0.0105825	0.0597486	0.0597486	0.0597486	0.0597486	0.0597486	0.0597486	0.0597486	0.0597486	0.0597486	0.0597486	0.0597486	0.0114413	0.0114413	0.0114413	0.0114413	0.0114413	0.0114413	0.0114413	0.0114413	0.0114413	0.0114413	0.0114413	0	4	38688.1	30	256746
2B	No	Multi-Family with 5+ Units	0	0	0	0	0	0	0	0	0	0	0	0	0	0	0	0	0	0	0	0	0	0	0	0	0	0	0	0	0	0	0	0	0	0	0	0	0	0	0	0	0	0	0	0	0	0	0	0	0	0	0	0	0	0	0	1	21	176424	21	176424
2B	Yes	Multi-Family with 5+ Units	0	0	0	0	0	0	0	0	0	0	0	0.0072692	0.0072692	0.0072692	0.0072692	0.0072692	0.0072692	0.0072692	0.0072692	0.0072692	0.0072692	0.0072692	0.01246	0.01246	0.01246	0.01246	0.01246	0.01246	0.01246	0.01246	0.01246	0.01246	0.01246	0.0577087	0.0577087	0.0577087	0.0577087	0.0577087	0.0577087	0.0577087	0.0577087	0.0577087	0.0577087	0.0577087	0.0134712	0.0134712	0.0134712	0.0134712	0.0134712	0.0134712	0.0134712	0.0134712	0.0134712	0.0134712	0.0134712	0	26	218058	26	218058
2B	No	Single-Family Attached	0	0	0	0	0	0	0	0	0	0	0	0	0	0	0	0	0	0	0	0	0	0	0	0	0	0	0	0	0	0	0	0	0	0	0	0	0	0	0	0	0	0	0	0	0	0	0	0	0	0	0	0	0	0	0	1	22	59846.7	22	59846.7
2B	Yes	Single-Family Attached	0	0	0	0	0	0	0	0	0	0	0	0.0108279	0.0108279	0.0108279	0.0108279	0.0108279	0.0108279	0.0108279	0.0108279	0.0108279	0.0108279	0.0108279	0.00556853	0.00556853	0.00556853	0.00556853	0.00556853	0.00556853	0.00556853	0.00556853	0.00556853	0.00556853	0.00556853	0.0603827	0.0603827	0.0603827	0.0603827	0.0603827	0.0603827	0.0603827	0.0603827	0.0603827	0.0603827	0.0603827	0.01413	0.01413	0.01413	0.01413	0.01413	0.01413	0.01413	0.01413	0.01413	0.01413	0.01413	0	18	46634.4	18	46634.4
2B	No	Single-Family Detached	0	0	0	0	0	0	0	0	0	0	0	0	0	0	0	0	0	0	0	0	0	0	0	0	0	0	0	0	0	0	0	0	0	0	0	0	0	0	0	0	0	0	0	0	0	0	0	0	0	0	0	0	0	0	0	1	163	886531	163	886531
2B	Yes	Single-Family Detached	0.00207399	0.00207399	0.00207399	0.00207399	0.00207399	0.00207399	0.00207399	0.00207399	0.00207399	0.00207399	0.00207399	0.00472349	0.00472349	0.00472349	0.00472349	0.00472349	0.00472349	0.00472349	0.00472349	0.00472349	0.00472349	0.00472349	0.0097808	0.0097808	0.0097808	0.0097808	0.0097808	0.0097808	0.0097808	0.0097808	0.0097808	0.0097808	0.0097808	0.0581031	0.0581031	0.0581031	0.0581031	0.0581031	0.0581031	0.0581031	0.0581031	0.0581031	0.0581031	0.0581031	0.0162277	0.0162277	0.0162277	0.0162277	0.0162277	0.0162277	0.0162277	0.0162277	0.0162277	0.0162277	0.0162277	0	145	740082	145	740082
3A	No	Mobile Home	0	0	0	0	0	0	0	0	0	0	0	0	0	0	0	0	0	0	0	0	0	0	0	0	0	0	0	0	0	0	0	0	0	0	0	0	0	0	0	0	0	0	0	0	0	0	0	0	0	0	0	0	0	0	0	1	131	1.03899e+06	131	1.03899e+06
3A	Yes	Mobile Home	0.00265646	0.00265646	0.00265646	0.00265646	0.00265646	0.00265646	0.00265646	0.00265646	0.00265646	0.00265646	0.00265646	0.00787662	0.00787662	0.00787662	0.00787662	0.00787662	0.00787662	0.00787662	0.00787662	0.00787662	0.00787662	0.00787662	0.00131657	0.00131657	0.00131657	0.00131657	0.00131657	0.00131657	0.00131657	0.00131657	0.00131657	0.00131657	0.00131657	0.0573795	0.0573795	0.0573795	0.0573795	0.0573795	0.0573795	0.0573795	0.0573795	0.0573795	0.0573795	0.0573795	0.0216799	0.0216799	0.0216799	0.0216799	0.0216799	0.0216799	0.0216799	0.0216799	0.0216799	0.0216799	0.0216799	0	63	472584	63	472584
3A	No	Multi-Family with 2 - 4 Units	0	0	0	0	0	0	0	0	0	0	0	0	0	0	0	0	0	0	0	0	0	0	0	0	0	0	0	0	0	0	0	0	0	0	0	0	0	0	0	0	0	0	0	0	0	0	0	0	0	0	0	0	0	0	0	1	69	537253	69	537253
3A	Yes	Multi-Family with 2 - 4 Units	0.00328899	0.00328899	0.00328899	0.00328899	0.00328899	0.00328899	0.00328899	0.00328899	0.00328899	0.00328899	0.00328899	0.00384542	0.00384542	0.00384542	0.00384542	0.00384542	0.00384542	0.00384542	0.00384542	0.00384542	0.00384542	0.00384542	0	0	0	0	0	0	0	0	0	0	0	0.0561698	0.0561698	0.0561698	0.0561698	0.0561698	0.0561698	0.0561698	0.0561698	0.0561698	0.0561698	0.0561698	0.0276049	0.0276049	0.0276049	0.0276049	0.0276049	0.0276049	0.0276049	0.0276049	0.0276049	0.0276049	0.0276049	0	26	216889	26	216889
3A	No	Multi-Family with 5+ Units	0	0	0	0	0	0	0	0	0	0	0	0	0	0	0	0	0	0	0	0	0	0	0	0	0	0	0	0	0	0	0	0	0	0	0	0	0	0	0	0	0	0	0	0	0	0	0	0	0	0	0	0	0	0	0	1	126	1.42298e+06	126	1.42298e+06
3A	Yes	Multi-Family with 5+ Units	0	0	0	0	0	0	0	0	0	0	0	0.00732806	0.00732806	0.00732806	0.00732806	0.00732806	0.00732806	0.00732806	0.00732806	0.00732806	0.00732806	0.00732806	0.0154531	0.0154531	0.0154531	0.0154531	0.0154531	0.0154531	0.0154531	0.0154531	0.0154531	0.0154531	0.0154531	0.0531156	0.0531156	0.0531156	0.0531156	0.0531156	0.0531156	0.0531156	0.0531156	0.0531156	0.0531156	0.0531156	0.0150123	0.0150123	0.0150123	0.0150123	0.0150123	0.0150123	0.0150123	0.0150123	0.0150123	0.0150123	0.0150123	0	68	823098	68	823098
3A	No	Single-Family Attached	0	0	0	0	0	0	0	0	0	0	0	0	0	0	0	0	0	0	0	0	0	0	0	0	0	0	0	0	0	0	0	0	0	0	0	0	0	0	0	0	0	0	0	0	0	0	0	0	0	0	0	0	0	0	0	1	88	400790	88	400790
3A	Yes	Single-Family Attached	0	0	0	0	0	0	0	0	0	0	0	0.00473332	0.00473332	0.00473332	0.00473332	0.00473332	0.00473332	0.00473332	0.00473332	0.00473332	0.00473332	0.00473332	0.0068917	0.0068917	0.0068917	0.0068917	0.0068917	0.0068917	0.0068917	0.0068917	0.0068917	0.0068917	0.0068917	0.0646467	0.0646467	0.0646467	0.0646467	0.0646467	0.0646467	0.0646467	0.0646467	0.0646467	0.0646467	0.0646467	0.0146374	0.0146374	0.0146374	0.0146374	0.0146374	0.0146374	0.0146374	0.0146374	0.0146374	0.0146374	0.0146374	0	61	282034	61	282034
3A	No	Single-Family Detached	0	0	0	0	0	0	0	0	0	0	0	0	0	0	0	0	0	0	0	0	0	0	0	0	0	0	0	0	0	0	0	0	0	0	0	0	0	0	0	0	0	0	0	0	0	0	0	0	0	0	0	0	0	0	0	1	936	6.62443e+06	936	6.62443e+06
3A	Yes	Single-Family Detached	0.0015792	0.0015792	0.0015792	0.0015792	0.0015792	0.0015792	0.0015792	0.0015792	0.0015792	0.0015792	0.0015792	0.00897928	0.00897928	0.00897928	0.00897928	0.00897928	0.00897928	0.00897928	0.00897928	0.00897928	0.00897928	0.00897928	0.0080488	0.0080488	0.0080488	0.0080488	0.0080488	0.0080488	0.0080488	0.0080488	0.0080488	0.0080488	0.0080488	0.0571315	0.0571315	0.0571315	0.0571315	0.0571315	0.0571315	0.0571315	0.0571315	0.0571315	0.0571315	0.0571315	0.0151703	0.0151703	0.0151703	0.0151703	0.0151703	0.0151703	0.0151703	0.0151703	0.0151703	0.0151703	0.0151703	0	592	4.12914e+06	592	4.12914e+06
3B	No	Mobile Home	0	0	0	0	0	0	0	0	0	0	0	0	0	0	0	0	0	0	0	0	0	0	0	0	0	0	0	0	0	0	0	0	0	0	0	0	0	0	0	0	0	0	0	0	0	0	0	0	0	0	0	0	0	0	0	1	32	338016	32	338016
3B	Yes	Mobile Home	0	0	0	0	0	0	0	0	0	0	0	0	0	0	0	0	0	0	0	0	0	0	0.00283827	0.00283827	0.00283827	0.00283827	0.00283827	0.00283827	0.00283827	0.00283827	0.00283827	0.00283827	0.00283827	0.0616074	0.0616074	0.0616074	0.0616074	0.0616074	0.0616074	0.0616074	0.0616074	0.0616074	0.0616074	0.0616074	0.0264634	0.0264634	0.0264634	0.0264634	0.0264634	0.0264634	0.0264634	0.0264634	0.0264634	0.0264634	0.0264634	0	20	198725	20	198725
3B	No	Multi-Family with 2 - 4 Units	0	0	0	0	0	0	0	0	0	0	0	0	0	0	0	0	0	0	0	0	0	0	0	0	0	0	0	0	0	0	0	0	0	0	0	0	0	0	0	0	0	0	0	0	0	0	0	0	0	0	0	0	0	0	0	1	39	554274	39	554274
3B	Yes	Multi-Family with 2 - 4 Units	0.00299599	0.00299599	0.00299599	0.00299599	0.00299599	0.00299599	0.00299599	0.00299599	0.00299599	0.00299599	0.00299599	0.0101813	0.0101813	0.0101813	0.0101813	0.0101813	0.0101813	0.0101813	0.0101813	0.0101813	0.0101813	0.0101813	0.0101258	0.0101258	0.0101258	0.0101258	0.0101258	0.0101258	0.0101258	0.0101258	0.0101258	0.0101258	0.0101258	0.0287094	0.0287094	0.0287094	0.0287094	0.0287094	0.0287094	0.0287094	0.0287094	0.0287094	0.0287094	0.0287094	0.0388965	0.0388965	0.0388965	0.0388965	0.0388965	0.0388965	0.0388965	0.0388965	0.0388965	0.0388965	0.0388965	0	25	358993	25	358993
3B	No	Multi-Family with 5+ Units	0	0	0	0	0	0	0	0	0	0	0	0	0	0	0	0	0	0	0	0	0	0	0	0	0	0	0	0	0	0	0	0	0	0	0	0	0	0	0	0	0	0	0	0	0	0	0	0	0	0	0	0	0	0	0	1	109	1.53645e+06	109	1.53645e+06
3B	Yes	Multi-Family with 5+ Units	0.00325981	0.00325981	0.00325981	0.00325981	0.00325981	0.00325981	0.00325981	0.00325981	0.00325981	0.00325981	0.00325981	0.00576996	0.00576996	0.00576996	0.00576996	0.00576996	0.00576996	0.00576996	0.00576996	0.00576996	0.00576996	0.00576996	0.00318403	0.00318403	0.00318403	0.00318403	0.00318403	0.00318403	0.00318403	0.00318403	0.00318403	0.00318403	0.00318403	0.0504249	0.0504249	0.0504249	0.0504249	0.0504249	0.0504249	0.0504249	0.0504249	0.0504249	0.0504249	0.0504249	0.0282704	0.0282704	0.0282704	0.0282704	0.0282704	0.0282704	0.0282704	0.0282704	0.0282704	0.0282704	0.0282704	0	81	1.15149e+06	81	1.15149e+06
3B	No	Single-Family Attached	0	0	0	0	0	0	0	0	0	0	0	0	0	0	0	0	0	0	0	0	0	0	0	0	0	0	0	0	0	0	0	0	0	0	0	0	0	0	0	0	0	0	0	0	0	0	0	0	0	0	0	0	0	0	0	1	68	440478	68	440478
3B	Yes	Single-Family Attached	0.00270039	0.00270039	0.00270039	0.00270039	0.00270039	0.00270039	0.00270039	0.00270039	0.00270039	0.00270039	0.00270039	0.00422397	0.00422397	0.00422397	0.00422397	0.00422397	0.00422397	0.00422397	0.00422397	0.00422397	0.00422397	0.00422397	0.00744143	0.00744143	0.00744143	0.00744143	0.00744143	0.00744143	0.00744143	0.00744143	0.00744143	0.00744143	0.00744143	0.053806	0.053806	0.053806	0.053806	0.053806	0.053806	0.053806	0.053806	0.053806	0.053806	0.053806	0.0227373	0.0227373	0.0227373	0.0227373	0.0227373	0.0227373	0.0227373	0.0227373	0.0227373	0.0227373	0.0227373	0	53	342738	53	342738
3B	No	Single-Family Detached	0	0	0	0	0	0	0	0	0	0	0	0	0	0	0	0	0	0	0	0	0	0	0	0	0	0	0	0	0	0	0	0	0	0	0	0	0	0	0	0	0	0	0	0	0	0	0	0	0	0	0	0	0	0	0	1	399	3.88564e+06	399	3.88564e+06
3B	Yes	Single-Family Detached	0.00175792	0.00175792	0.00175792	0.00175792	0.00175792	0.00175792	0.00175792	0.00175792	0.00175792	0.00175792	0.00175792	0.00382918	0.00382918	0.00382918	0.00382918	0.00382918	0.00382918	0.00382918	0.00382918	0.00382918	0.00382918	0.00382918	0.00225591	0.00225591	0.00225591	0.00225591	0.00225591	0.00225591	0.00225591	0.00225591	0.00225591	0.00225591	0.00225591	0.0557051	0.0557051	0.0557051	0.0557051	0.0557051	0.0557051	0.0557051	0.0557051	0.0557051	0.0557051	0.0557051	0.0273609	0.0273609	0.0273609	0.0273609	0.0273609	0.0273609	0.0273609	0.0273609	0.0273609	0.0273609	0.0273609	0	318	3.00238e+06	318	3.00238e+06
3C	No	Mobile Home	0	0	0	0	0	0	0	0	0	0	0	0	0	0	0	0	0	0	0	0	0	0	0	0	0	0	0	0	0	0	0	0	0	0	0	0	0	0	0	0	0	0	0	0	0	0	0	0	0	0	0	0	0	0	0	1	5	45005.4	155	1.46686e+06
3C	Yes	Mobile Home	0.00588574	0.00588574	0.00588574	0.00588574	0.00588574	0.00588574	0.00588574	0.00588574	0.00588574	0.00588574	0.00588574	0.00515771	0.00515771	0.00515771	0.00515771	0.00515771	0.00515771	0.00515771	0.00515771	0.00515771	0.00515771	0.00515771	0.00175497	0.00175497	0.00175497	0.00175497	0.00175497	0.00175497	0.00175497	0.00175497	0.00175497	0.00175497	0.00175497	0.0519907	0.0519907	0.0519907	0.0519907	0.0519907	0.0519907	0.0519907	0.0519907	0.0519907	0.0519907	0.0519907	0.02612	0.02612	0.02612	0.02612	0.02612	0.02612	0.02612	0.02612	0.02612	0.02612	0.02612	0	1	8690.89	65	615302
3C	No	Multi-Family with 2 - 4 Units	0	0	0	0	0	0	0	0	0	0	0	0	0	0	0	0	0	0	0	0	0	0	0	0	0	0	0	0	0	0	0	0	0	0	0	0	0	0	0	0	0	0	0	0	0	0	0	0	0	0	0	0	0	0	0	1	16	227852	16	227852
3C	Yes	Multi-Family with 2 - 4 Units	0	0	0	0	0	0	0	0	0	0	0	0.0179402	0.0179402	0.0179402	0.0179402	0.0179402	0.0179402	0.0179402	0.0179402	0.0179402	0.0179402	0.0179402	0	0	0	0	0	0	0	0	0	0	0	0.0729689	0.0729689	0.0729689	0.0729689	0.0729689	0.0729689	0.0729689	0.0729689	0.0729689	0.0729689	0.0729689	0	0	0	0	0	0	0	0	0	0	0	0	3	48390.8	10	141167
3C	No	Multi-Family with 5+ Units	0	0	0	0	0	0	0	0	0	0	0	0	0	0	0	0	0	0	0	0	0	0	0	0	0	0	0	0	0	0	0	0	0	0	0	0	0	0	0	0	0	0	0	0	0	0	0	0	0	0	0	0	0	0	0	1	43	603265	43	603265
3C	Yes	Multi-Family with 5+ Units	0	0	0	0	0	0	0	0	0	0	0	0.0179402	0.0179402	0.0179402	0.0179402	0.0179402	0.0179402	0.0179402	0.0179402	0.0179402	0.0179402	0.0179402	0	0	0	0	0	0	0	0	0	0	0	0.0729689	0.0729689	0.0729689	0.0729689	0.0729689	0.0729689	0.0729689	0.0729689	0.0729689	0.0729689	0.0729689	0	0	0	0	0	0	0	0	0	0	0	0	7	92776.1	10	141167
3C	No	Single-Family Attached	0	0	0	0	0	0	0	0	0	0	0	0	0	0	0	0	0	0	0	0	0	0	0	0	0	0	0	0	0	0	0	0	0	0	0	0	0	0	0	0	0	0	0	0	0	0	0	0	0	0	0	0	0	0	0	1	31	206918	31	206918
3C	Yes	Single-Family Attached	0	0	0	0	0	0	0	0	0	0	0	0.00843347	0.00843347	0.00843347	0.00843347	0.00843347	0.00843347	0.00843347	0.00843347	0.00843347	0.00843347	0.00843347	0	0	0	0	0	0	0	0	0	0	0	0.0518227	0.0518227	0.0518227	0.0518227	0.0518227	0.0518227	0.0518227	0.0518227	0.0518227	0.0518227	0.0518227	0.0306529	0.0306529	0.0306529	0.0306529	0.0306529	0.0306529	0.0306529	0.0306529	0.0306529	0.0306529	0.0306529	0	10	62189.8	10	62189.8
3C	No	Single-Family Detached	0	0	0	0	0	0	0	0	0	0	0	0	0	0	0	0	0	0	0	0	0	0	0	0	0	0	0	0	0	0	0	0	0	0	0	0	0	0	0	0	0	0	0	0	0	0	0	0	0	0	0	0	0	0	0	1	119	1.21493e+06	119	1.21493e+06
3C	Yes	Single-Family Detached	0.00665203	0.00665203	0.00665203	0.00665203	0.00665203	0.00665203	0.00665203	0.00665203	0.00665203	0.00665203	0.00665203	0.00486585	0.00486585	0.00486585	0.00486585	0.00486585	0.00486585	0.00486585	0.00486585	0.00486585	0.00486585	0.00486585	0.00198346	0.00198346	0.00198346	0.00198346	0.00198346	0.00198346	0.00198346	0.00198346	0.00198346	0.00198346	0.00198346	0.0513886	0.0513886	0.0513886	0.0513886	0.0513886	0.0513886	0.0513886	0.0513886	0.0513886	0.0513886	0.0513886	0.0260192	0.0260192	0.0260192	0.0260192	0.0260192	0.0260192	0.0260192	0.0260192	0.0260192	0.0260192	0.0260192	0	54	544422	54	544422
4A	No	Mobile Home	0	0	0	0	0	0	0	0	0	0	0	0	0	0	0	0	0	0	0	0	0	0	0	0	0	0	0	0	0	0	0	0	0	0	0	0	0	0	0	0	0	0	0	0	0	0	0	0	0	0	0	0	0	0	0	1	152	1.04456e+06	152	1.04456e+06
4A	Yes	Mobile Home	0.00248956	0.00248956	0.00248956	0.00248956	0.00248956	0.00248956	0.00248956	0.00248956	0.00248956	0.00248956	0.00248956	0.00571995	0.00571995	0.00571995	0.00571995	0.00571995	0.00571995	0.00571995	0.00571995	0.00571995	0.00571995	0.00571995	0.00151047	0.00151047	0.00151047	0.00151047	0.00151047	0.00151047	0.00151047	0.00151047	0.00151047	0.00151047	0.00151047	0.0653059	0.0653059	0.0653059	0.0653059	0.0653059	0.0653059	0.0653059	0.0653059	0.0653059	0.0653059	0.0653059	0.0158832	0.0158832	0.0158832	0.0158832	0.0158832	0.0158832	0.0158832	0.0158832	0.0158832	0.0158832	0.0158832	0	51	330763	51	330763
4A	No	Multi-Family with 2 - 4 Units	0	0	0	0	0	0	0	0	0	0	0	0	0	0	0	0	0	0	0	0	0	0	0	0	0	0	0	0	0	0	0	0	0	0	0	0	0	0	0	0	0	0	0	0	0	0	0	0	0	0	0	0	0	0	0	1	170	1.4453e+06	170	1.4453e+06
4A	Yes	Multi-Family with 2 - 4 Units	0.00355688	0.00355688	0.00355688	0.00355688	0.00355688	0.00355688	0.00355688	0.00355688	0.00355688	0.00355688	0.00355688	0.0153375	0.0153375	0.0153375	0.0153375	0.0153375	0.0153375	0.0153375	0.0153375	0.0153375	0.0153375	0.0153375	0.00535452	0.00535452	0.00535452	0.00535452	0.00535452	0.00535452	0.00535452	0.00535452	0.00535452	0.00535452	0.00535452	0.042383	0.042383	0.042383	0.042383	0.042383	0.042383	0.042383	0.042383	0.042383	0.042383	0.042383	0.0242771	0.0242771	0.0242771	0.0242771	0.0242771	0.0242771	0.0242771	0.0242771	0.0242771	0.0242771	0.0242771	0	81	815893	81	815893
4A	No	Multi-Family with 5+ Units	0	0	0	0	0	0	0	0	0	0	0	0	0	0	0	0	0	0	0	0	0	0	0	0	0	0	0	0	0	0	0	0	0	0	0	0	0	0	0	0	0	0	0	0	0	0	0	0	0	0	0	0	0	0	0	1	468	3.99461e+06	468	3.99461e+06
4A	Yes	Multi-Family with 5+ Units	0.00210563	0.00210563	0.00210563	0.00210563	0.00210563	0.00210563	0.00210563	0.00210563	0.00210563	0.00210563	0.00210563	0.0105608	0.0105608	0.0105608	0.0105608	0.0105608	0.0105608	0.0105608	0.0105608	0.0105608	0.0105608	0.0105608	0.00507916	0.00507916	0.00507916	0.00507916	0.00507916	0.00507916	0.00507916	0.00507916	0.00507916	0.00507916	0.00507916	0.0476248	0.0476248	0.0476248	0.0476248	0.0476248	0.0476248	0.0476248	0.0476248	0.0476248	0.0476248	0.0476248	0.0255387	0.0255387	0.0255387	0.0255387	0.0255387	0.0255387	0.0255387	0.0255387	0.0255387	0.0255387	0.0255387	0	221	1.83419e+06	221	1.83419e+06
4A	No	Single-Family Attached	0	0	0	0	0	0	0	0	0	0	0	0	0	0	0	0	0	0	0	0	0	0	0	0	0	0	0	0	0	0	0	0	0	0	0	0	0	0	0	0	0	0	0	0	0	0	0	0	0	0	0	0	0	0	0	1	331	1.50307e+06	331	1.50307e+06
4A	Yes	Single-Family Attached	0.00415916	0.00415916	0.00415916	0.00415916	0.00415916	0.00415916	0.00415916	0.00415916	0.00415916	0.00415916	0.00415916	0.0101971	0.0101971	0.0101971	0.0101971	0.0101971	0.0101971	0.0101971	0.0101971	0.0101971	0.0101971	0.0101971	0.00533633	0.00533633	0.00533633	0.00533633	0.00533633	0.00533633	0.00533633	0.00533633	0.00533633	0.00533633	0.00533633	0.0497795	0.0497795	0.0497795	0.0497795	0.0497795	0.0497795	0.0497795	0.0497795	0.0497795	0.0497795	0.0497795	0.0214371	0.0214371	0.0214371	0.0214371	0.0214371	0.0214371	0.0214371	0.0214371	0.0214371	0.0214371	0.0214371	0	175	788928	175	788928
4A	No	Single-Family Detached	0	0	0	0	0	0	0	0	0	0	0	0	0	0	0	0	0	0	0	0	0	0	0	0	0	0	0	0	0	0	0	0	0	0	0	0	0	0	0	0	0	0	0	0	0	0	0	0	0	0	0	0	0	0	0	1	1613	9.67887e+06	1613	9.67887e+06
4A	Yes	Single-Family Detached	0.00282826	0.00282826	0.00282826	0.00282826	0.00282826	0.00282826	0.00282826	0.00282826	0.00282826	0.00282826	0.00282826	0.00798236	0.00798236	0.00798236	0.00798236	0.00798236	0.00798236	0.00798236	0.00798236	0.00798236	0.00798236	0.00798236	0.00441873	0.00441873	0.00441873	0.00441873	0.00441873	0.00441873	0.00441873	0.00441873	0.00441873	0.00441873	0.00441873	0.0570968	0.0570968	0.0570968	0.0570968	0.0570968	0.0570968	0.0570968	0.0570968	0.0570968	0.0570968	0.0570968	0.0185829	0.0185829	0.0185829	0.0185829	0.0185829	0.0185829	0.0185829	0.0185829	0.0185829	0.0185829	0.0185829	0	833	4.98337e+06	833	4.98337e+06
4B	No	Mobile Home	0	0	0	0	0	0	0	0	0	0	0	0	0	0	0	0	0	0	0	0	0	0	0	0	0	0	0	0	0	0	0	0	0	0	0	0	0	0	0	0	0	0	0	0	0	0	0	0	0	0	0	0	0	0	0	1	7	48536.6	70	423633
4B	Yes	Mobile Home	0.0050304	0.0050304	0.0050304	0.0050304	0.0050304	0.0050304	0.0050304	0.0050304	0.0050304	0.0050304	0.0050304	0.00977351	0.00977351	0.00977351	0.00977351	0.00977351	0.00977351	0.00977351	0.00977351	0.00977351	0.00977351	0.00977351	0.00444554	0.00444554	0.00444554	0.00444554	0.00444554	0.00444554	0.00444554	0.00444554	0.00444554	0.00444554	0.00444554	0.0491661	0.0491661	0.0491661	0.0491661	0.0491661	0.0491661	0.0491661	0.0491661	0.0491661	0.0491661	0.0491661	0.0224935	0.0224935	0.0224935	0.0224935	0.0224935	0.0224935	0.0224935	0.0224935	0.0224935	0.0224935	0.0224935	0	7	48203.5	58	335304
4B	No	Multi-Family with 2 - 4 Units	0	0	0	0	0	0	0	0	0	0	0	0	0	0	0	0	0	0	0	0	0	0	0	0	0	0	0	0	0	0	0	0	0	0	0	0	0	0	0	0	0	0	0	0	0	0	0	0	0	0	0	0	0	0	0	1	6	50312.2	11	81534.8
4B	Yes	Multi-Family with 2 - 4 Units	0.00620159	0.00620159	0.00620159	0.00620159	0.00620159	0.00620159	0.00620159	0.00620159	0.00620159	0.00620159	0.00620159	0.00731104	0.00731104	0.00731104	0.00731104	0.00731104	0.00731104	0.00731104	0.00731104	0.00731104	0.00731104	0.00731104	0.00864067	0.00864067	0.00864067	0.00864067	0.00864067	0.00864067	0.00864067	0.00864067	0.00864067	0.00864067	0.00864067	0.050226	0.050226	0.050226	0.050226	0.050226	0.050226	0.050226	0.050226	0.050226	0.050226	0.050226	0.0185298	0.0185298	0.0185298	0.0185298	0.0185298	0.0185298	0.0185298	0.0185298	0.0185298	0.0185298	0.0185298	0	2	16936.4	50	415119
4B	No	Multi-Family with 5+ Units	0	0	0	0	0	0	0	0	0	0	0	0	0	0	0	0	0	0	0	0	0	0	0	0	0	0	0	0	0	0	0	0	0	0	0	0	0	0	0	0	0	0	0	0	0	0	0	0	0	0	0	0	0	0	0	1	5	31222.6	11	81534.8
4B	Yes	Multi-Family with 5+ Units	0.00620159	0.00620159	0.00620159	0.00620159	0.00620159	0.00620159	0.00620159	0.00620159	0.00620159	0.00620159	0.00620159	0.00731104	0.00731104	0.00731104	0.00731104	0.00731104	0.00731104	0.00731104	0.00731104	0.00731104	0.00731104	0.00731104	0.00864067	0.00864067	0.00864067	0.00864067	0.00864067	0.00864067	0.00864067	0.00864067	0.00864067	0.00864067	0.00864067	0.050226	0.050226	0.050226	0.050226	0.050226	0.050226	0.050226	0.050226	0.050226	0.050226	0.050226	0.0185298	0.0185298	0.0185298	0.0185298	0.0185298	0.0185298	0.0185298	0.0185298	0.0185298	0.0185298	0.0185298	0	2	9858.55	50	415119
4B	No	Single-Family Attached	0	0	0	0	0	0	0	0	0	0	0	0	0	0	0	0	0	0	0	0	0	0	0	0	0	0	0	0	0	0	0	0	0	0	0	0	0	0	0	0	0	0	0	0	0	0	0	0	0	0	0	0	0	0	0	1	3	6120.61	70	423633
4B	Yes	Single-Family Attached	0.0050304	0.0050304	0.0050304	0.0050304	0.0050304	0.0050304	0.0050304	0.0050304	0.0050304	0.0050304	0.0050304	0.00977351	0.00977351	0.00977351	0.00977351	0.00977351	0.00977351	0.00977351	0.00977351	0.00977351	0.00977351	0.00977351	0.00444554	0.00444554	0.00444554	0.00444554	0.00444554	0.00444554	0.00444554	0.00444554	0.00444554	0.00444554	0.00444554	0.0491661	0.0491661	0.0491661	0.0491661	0.0491661	0.0491661	0.0491661	0.0491661	0.0491661	0.0491661	0.0491661	0.0224935	0.0224935	0.0224935	0.0224935	0.0224935	0.0224935	0.0224935	0.0224935	0.0224935	0.0224935	0.0224935	0	2	8786.38	58	335304
4B	No	Single-Family Detached	0	0	0	0	0	0	0	0	0	0	0	0	0	0	0	0	0	0	0	0	0	0	0	0	0	0	0	0	0	0	0	0	0	0	0	0	0	0	0	0	0	0	0	0	0	0	0	0	0	0	0	0	0	0	0	1	60	368975	60	368975
4B	Yes	Single-Family Detached	0.00408527	0.00408527	0.00408527	0.00408527	0.00408527	0.00408527	0.00408527	0.00408527	0.00408527	0.00408527	0.00408527	0.0117748	0.0117748	0.0117748	0.0117748	0.0117748	0.0117748	0.0117748	0.0117748	0.0117748	0.0117748	0.0117748	0.00378493	0.00378493	0.00378493	0.00378493	0.00378493	0.00378493	0.00378493	0.00378493	0.00378493	0.00378493	0.00378493	0.0454402	0.0454402	0.0454402	0.0454402	0.0454402	0.0454402	0.0454402	0.0454402	0.0454402	0.0454402	0.0454402	0.0258238	0.0258238	0.0258238	0.0258238	0.0258238	0.0258238	0.0258238	0.0258238	0.0258238	0.0258238	0.0258238	0	49	278314	49	278314
4C	No	Mobile Home	0	0	0	0	0	0	0	0	0	0	0	0	0	0	0	0	0	0	0	0	0	0	0	0	0	0	0	0	0	0	0	0	0	0	0	0	0	0	0	0	0	0	0	0	0	0	0	0	0	0	0	0	0	0	0	1	27	164208	27	164208
4C	Yes	Mobile Home	0	0	0	0	0	0	0	0	0	0	0	0.00559548	0.00559548	0.00559548	0.00559548	0.00559548	0.00559548	0.00559548	0.00559548	0.00559548	0.00559548	0.00559548	0.00351707	0.00351707	0.00351707	0.00351707	0.00351707	0.00351707	0.00351707	0.00351707	0.00351707	0.00351707	0.00351707	0.054087	0.054087	0.054087	0.054087	0.054087	0.054087	0.054087	0.054087	0.054087	0.054087	0.054087	0.0277095	0.0277095	0.0277095	0.0277095	0.0277095	0.0277095	0.0277095	0.0277095	0.0277095	0.0277095	0.0277095	0	19	130561	19	130561
4C	No	Multi-Family with 2 - 4 Units	0	0	0	0	0	0	0	0	0	0	0	0	0	0	0	0	0	0	0	0	0	0	0	0	0	0	0	0	0	0	0	0	0	0	0	0	0	0	0	0	0	0	0	0	0	0	0	0	0	0	0	0	0	0	0	1	18	168945	18	168945
4C	Yes	Multi-Family with 2 - 4 Units	0	0	0	0	0	0	0	0	0	0	0	0.00323265	0.00323265	0.00323265	0.00323265	0.00323265	0.00323265	0.00323265	0.00323265	0.00323265	0.00323265	0.00323265	0.00290938	0.00290938	0.00290938	0.00290938	0.00290938	0.00290938	0.00290938	0.00290938	0.00290938	0.00290938	0.00290938	0.0639259	0.0639259	0.0639259	0.0639259	0.0639259	0.0639259	0.0639259	0.0639259	0.0639259	0.0639259	0.0639259	0.0208411	0.0208411	0.0208411	0.0208411	0.0208411	0.0208411	0.0208411	0.0208411	0.0208411	0.0208411	0.0208411	0	4	31083.8	25	185603
4C	No	Multi-Family with 5+ Units	0	0	0	0	0	0	0	0	0	0	0	0	0	0	0	0	0	0	0	0	0	0	0	0	0	0	0	0	0	0	0	0	0	0	0	0	0	0	0	0	0	0	0	0	0	0	0	0	0	0	0	0	0	0	0	1	86	717517	86	717517
4C	Yes	Multi-Family with 5+ Units	0	0	0	0	0	0	0	0	0	0	0	0	0	0	0	0	0	0	0	0	0	0	0.00349464	0.00349464	0.00349464	0.00349464	0.00349464	0.00349464	0.00349464	0.00349464	0.00349464	0.00349464	0.00349464	0.0662226	0.0662226	0.0662226	0.0662226	0.0662226	0.0662226	0.0662226	0.0662226	0.0662226	0.0662226	0.0662226	0.0211919	0.0211919	0.0211919	0.0211919	0.0211919	0.0211919	0.0211919	0.0211919	0.0211919	0.0211919	0.0211919	0	21	154519	21	154519
4C	No	Single-Family Attached	0	0	0	0	0	0	0	0	0	0	0	0	0	0	0	0	0	0	0	0	0	0	0	0	0	0	0	0	0	0	0	0	0	0	0	0	0	0	0	0	0	0	0	0	0	0	0	0	0	0	0	0	0	0	0	1	23	88596.7	23	88596.7
4C	Yes	Single-Family Attached	0.00677749	0.00677749	0.00677749	0.00677749	0.00677749	0.00677749	0.00677749	0.00677749	0.00677749	0.00677749	0.00677749	0.00822922	0.00822922	0.00822922	0.00822922	0.00822922	0.00822922	0.00822922	0.00822922	0.00822922	0.00822922	0.00822922	0	0	0	0	0	0	0	0	0	0	0	0.0690278	0.0690278	0.0690278	0.0690278	0.0690278	0.0690278	0.0690278	0.0690278	0.0690278	0.0690278	0.0690278	0.00687461	0.00687461	0.00687461	0.00687461	0.00687461	0.00687461	0.00687461	0.00687461	0.00687461	0.00687461	0.00687461	0	11	40657	11	40657
4C	No	Single-Family Detached	0	0	0	0	0	0	0	0	0	0	0	0	0	0	0	0	0	0	0	0	0	0	0	0	0	0	0	0	0	0	0	0	0	0	0	0	0	0	0	0	0	0	0	0	0	0	0	0	0	0	0	0	0	0	0	1	293	1.66678e+06	293	1.66678e+06
4C	Yes	Single-Family Detached	0.00135634	0.00135634	0.00135634	0.00135634	0.00135634	0.00135634	0.00135634	0.00135634	0.00135634	0.00135634	0.00135634	0.00285886	0.00285886	0.00285886	0.00285886	0.00285886	0.00285886	0.00285886	0.00285886	0.00285886	0.00285886	0.00285886	0.00140067	0.00140067	0.00140067	0.00140067	0.00140067	0.00140067	0.00140067	0.00140067	0.00140067	0.00140067	0.00140067	0.0666146	0.0666146	0.0666146	0.0666146	0.0666146	0.0666146	0.0666146	0.0666146	0.0666146	0.0666146	0.0666146	0.0186786	0.0186786	0.0186786	0.0186786	0.0186786	0.0186786	0.0186786	0.0186786	0.0186786	0.0186786	0.0186786	0	131	712900	131	712900
5A	No	Mobile Home	0	0	0	0	0	0	0	0	0	0	0	0	0	0	0	0	0	0	0	0	0	0	0	0	0	0	0	0	0	0	0	0	0	0	0	0	0	0	0	0	0	0	0	0	0	0	0	0	0	0	0	0	0	0	0	1	79	578184	79	578184
5A	Yes	Mobile Home	0.00224718	0.00224718	0.00224718	0.00224718	0.00224718	0.00224718	0.00224718	0.00224718	0.00224718	0.00224718	0.00224718	0.0123018	0.0123018	0.0123018	0.0123018	0.0123018	0.0123018	0.0123018	0.0123018	0.0123018	0.0123018	0.0123018	0	0	0	0	0	0	0	0	0	0	0	0.0684913	0.0684913	0.0684913	0.0684913	0.0684913	0.0684913	0.0684913	0.0684913	0.0684913	0.0684913	0.0684913	0.00786874	0.00786874	0.00786874	0.00786874	0.00786874	0.00786874	0.00786874	0.00786874	0.00786874	0.00786874	0.00786874	0	24	181903	24	181903
5A	No	Multi-Family with 2 - 4 Units	0	0	0	0	0	0	0	0	0	0	0	0	0	0	0	0	0	0	0	0	0	0	0	0	0	0	0	0	0	0	0	0	0	0	0	0	0	0	0	0	0	0	0	0	0	0	0	0	0	0	0	0	0	0	0	1	179	1.90853e+06	179	1.90853e+06
5A	Yes	Multi-Family with 2 - 4 Units	0.0037005	0.0037005	0.0037005	0.0037005	0.0037005	0.0037005	0.0037005	0.0037005	0.0037005	0.0037005	0.0037005	0.0149972	0.0149972	0.0149972	0.0149972	0.0149972	0.0149972	0.0149972	0.0149972	0.0149972	0.0149972	0.0149972	0.00466169	0.00466169	0.00466169	0.00466169	0.00466169	0.00466169	0.00466169	0.00466169	0.00466169	0.00466169	0.00466169	0.0471794	0.0471794	0.0471794	0.0471794	0.0471794	0.0471794	0.0471794	0.0471794	0.0471794	0.0471794	0.0471794	0.0203703	0.0203703	0.0203703	0.0203703	0.0203703	0.0203703	0.0203703	0.0203703	0.0203703	0.0203703	0.0203703	0	90	958280	90	958280
5A	No	Multi-Family with 5+ Units	0	0	0	0	0	0	0	0	0	0	0	0	0	0	0	0	0	0	0	0	0	0	0	0	0	0	0	0	0	0	0	0	0	0	0	0	0	0	0	0	0	0	0	0	0	0	0	0	0	0	0	0	0	0	0	1	307	2.84272e+06	307	2.84272e+06
5A	Yes	Multi-Family with 5+ Units	0.00392158	0.00392158	0.00392158	0.00392158	0.00392158	0.00392158	0.00392158	0.00392158	0.00392158	0.00392158	0.00392158	0.0118916	0.0118916	0.0118916	0.0118916	0.0118916	0.0118916	0.0118916	0.0118916	0.0118916	0.0118916	0.0118916	0.00544982	0.00544982	0.00544982	0.00544982	0.00544982	0.00544982	0.00544982	0.00544982	0.00544982	0.00544982	0.00544982	0.0517517	0.0517517	0.0517517	0.0517517	0.0517517	0.0517517	0.0517517	0.0517517	0.0517517	0.0517517	0.0517517	0.0178944	0.0178944	0.0178944	0.0178944	0.0178944	0.0178944	0.0178944	0.0178944	0.0178944	0.0178944	0.0178944	0	180	1.67219e+06	180	1.67219e+06
5A	No	Single-Family Attached	0	0	0	0	0	0	0	0	0	0	0	0	0	0	0	0	0	0	0	0	0	0	0	0	0	0	0	0	0	0	0	0	0	0	0	0	0	0	0	0	0	0	0	0	0	0	0	0	0	0	0	0	0	0	0	1	249	1.10708e+06	249	1.10708e+06
5A	Yes	Single-Family Attached	0.00383092	0.00383092	0.00383092	0.00383092	0.00383092	0.00383092	0.00383092	0.00383092	0.00383092	0.00383092	0.00383092	0.00705579	0.00705579	0.00705579	0.00705579	0.00705579	0.00705579	0.00705579	0.00705579	0.00705579	0.00705579	0.00705579	0.00398392	0.00398392	0.00398392	0.00398392	0.00398392	0.00398392	0.00398392	0.00398392	0.00398392	0.00398392	0.00398392	0.0584252	0.0584252	0.0584252	0.0584252	0.0584252	0.0584252	0.0584252	0.0584252	0.0584252	0.0584252	0.0584252	0.0176133	0.0176133	0.0176133	0.0176133	0.0176133	0.0176133	0.0176133	0.0176133	0.0176133	0.0176133	0.0176133	0	147	596265	147	596265
5A	No	Single-Family Detached	0	0	0	0	0	0	0	0	0	0	0	0	0	0	0	0	0	0	0	0	0	0	0	0	0	0	0	0	0	0	0	0	0	0	0	0	0	0	0	0	0	0	0	0	0	0	0	0	0	0	0	0	0	0	0	1	1830	1.21007e+07	1830	1.21007e+07
5A	Yes	Single-Family Detached	0.00309446	0.00309446	0.00309446	0.00309446	0.00309446	0.00309446	0.00309446	0.00309446	0.00309446	0.00309446	0.00309446	0.00700138	0.00700138	0.00700138	0.00700138	0.00700138	0.00700138	0.00700138	0.00700138	0.00700138	0.00700138	0.00700138	0.00547147	0.00547147	0.00547147	0.00547147	0.00547147	0.00547147	0.00547147	0.00547147	0.00547147	0.00547147	0.00547147	0.0556578	0.0556578	0.0556578	0.0556578	0.0556578	0.0556578	0.0556578	0.0556578	0.0556578	0.0556578	0.0556578	0.0196839	0.0196839	0.0196839	0.0196839	0.0196839	0.0196839	0.0196839	0.0196839	0.0196839	0.0196839	0.0196839	0	929	5.98194e+06	929	5.98194e+06
5B	No	Mobile Home	0	0	0	0	0	0	0	0	0	0	0	0	0	0	0	0	0	0	0	0	0	0	0	0	0	0	0	0	0	0	0	0	0	0	0	0	0	0	0	0	0	0	0	0	0	0	0	0	0	0	0	0	0	0	0	1	48	223117	48	223117
5B	Yes	Mobile Home	0.00377924	0.00377924	0.00377924	0.00377924	0.00377924	0.00377924	0.00377924	0.00377924	0.00377924	0.00377924	0.00377924	0	0	0	0	0	0	0	0	0	0	0	0.00753982	0.00753982	0.00753982	0.00753982	0.00753982	0.00753982	0.00753982	0.00753982	0.00753982	0.00753982	0.00753982	0.0714809	0.0714809	0.0714809	0.0714809	0.0714809	0.0714809	0.0714809	0.0714809	0.0714809	0.0714809	0.0714809	0.00810914	0.00810914	0.00810914	0.00810914	0.00810914	0.00810914	0.00810914	0.00810914	0.00810914	0.00810914	0.00810914	0	17	69189.5	17	69189.5
5B	No	Multi-Family with 2 - 4 Units	0	0	0	0	0	0	0	0	0	0	0	0	0	0	0	0	0	0	0	0	0	0	0	0	0	0	0	0	0	0	0	0	0	0	0	0	0	0	0	0	0	0	0	0	0	0	0	0	0	0	0	0	0	0	0	1	22	160987	22	160987
5B	Yes	Multi-Family with 2 - 4 Units	0.00662951	0.00662951	0.00662951	0.00662951	0.00662951	0.00662951	0.00662951	0.00662951	0.00662951	0.00662951	0.00662951	0.00781551	0.00781551	0.00781551	0.00781551	0.00781551	0.00781551	0.00781551	0.00781551	0.00781551	0.00781551	0.00781551	0.00923689	0.00923689	0.00923689	0.00923689	0.00923689	0.00923689	0.00923689	0.00923689	0.00923689	0.00923689	0.00923689	0.049894	0.049894	0.049894	0.049894	0.049894	0.049894	0.049894	0.049894	0.049894	0.049894	0.049894	0.0173331	0.0173331	0.0173331	0.0173331	0.0173331	0.0173331	0.0173331	0.0173331	0.0173331	0.0173331	0.0173331	0	5	58672	46	388324
5B	No	Multi-Family with 5+ Units	0	0	0	0	0	0	0	0	0	0	0	0	0	0	0	0	0	0	0	0	0	0	0	0	0	0	0	0	0	0	0	0	0	0	0	0	0	0	0	0	0	0	0	0	0	0	0	0	0	0	0	0	0	0	0	1	66	522310	66	522310
5B	Yes	Multi-Family with 5+ Units	0.00780944	0.00780944	0.00780944	0.00780944	0.00780944	0.00780944	0.00780944	0.00780944	0.00780944	0.00780944	0.00780944	0.00578033	0.00578033	0.00578033	0.00578033	0.00578033	0.00578033	0.00578033	0.00578033	0.00578033	0.00578033	0.00578033	0.0108809	0.0108809	0.0108809	0.0108809	0.0108809	0.0108809	0.0108809	0.0108809	0.0108809	0.0108809	0.0108809	0.0531922	0.0531922	0.0531922	0.0531922	0.0531922	0.0531922	0.0531922	0.0531922	0.0531922	0.0531922	0.0531922	0.0132462	0.0132462	0.0132462	0.0132462	0.0132462	0.0132462	0.0132462	0.0132462	0.0132462	0.0132462	0.0132462	0	41	329652	41	329652
5B	No	Single-Family Attached	0	0	0	0	0	0	0	0	0	0	0	0	0	0	0	0	0	0	0	0	0	0	0	0	0	0	0	0	0	0	0	0	0	0	0	0	0	0	0	0	0	0	0	0	0	0	0	0	0	0	0	0	0	0	0	1	48	183089	48	183089
5B	Yes	Single-Family Attached	0.00355916	0.00355916	0.00355916	0.00355916	0.00355916	0.00355916	0.00355916	0.00355916	0.00355916	0.00355916	0.00355916	0.00600031	0.00600031	0.00600031	0.00600031	0.00600031	0.00600031	0.00600031	0.00600031	0.00600031	0.00600031	0.00600031	0.00532628	0.00532628	0.00532628	0.00532628	0.00532628	0.00532628	0.00532628	0.00532628	0.00532628	0.00532628	0.00532628	0.0619566	0.0619566	0.0619566	0.0619566	0.0619566	0.0619566	0.0619566	0.0619566	0.0619566	0.0619566	0.0619566	0.0140667	0.0140667	0.0140667	0.0140667	0.0140667	0.0140667	0.0140667	0.0140667	0.0140667	0.0140667	0.0140667	0	26	90585.3	26	90585.3
5B	No	Single-Family Detached	0	0	0	0	0	0	0	0	0	0	0	0	0	0	0	0	0	0	0	0	0	0	0	0	0	0	0	0	0	0	0	0	0	0	0	0	0	0	0	0	0	0	0	0	0	0	0	0	0	0	0	0	0	0	0	1	406	1.94243e+06	406	1.94243e+06
5B	Yes	Single-Family Detached	0.00230675	0.00230675	0.00230675	0.00230675	0.00230675	0.00230675	0.00230675	0.00230675	0.00230675	0.00230675	0.00230675	0.00308227	0.00308227	0.00308227	0.00308227	0.00308227	0.00308227	0.00308227	0.00308227	0.00308227	0.00308227	0.00308227	0.00331548	0.00331548	0.00331548	0.00331548	0.00331548	0.00331548	0.00331548	0.00331548	0.00331548	0.00331548	0.00331548	0.0573556	0.0573556	0.0573556	0.0573556	0.0573556	0.0573556	0.0573556	0.0573556	0.0573556	0.0573556	0.0573556	0.024849	0.024849	0.024849	0.024849	0.024849	0.024849	0.024849	0.024849	0.024849	0.024849	0.024849	0	308	1.43632e+06	308	1.43632e+06
6A	No	Mobile Home	0	0	0	0	0	0	0	0	0	0	0	0	0	0	0	0	0	0	0	0	0	0	0	0	0	0	0	0	0	0	0	0	0	0	0	0	0	0	0	0	0	0	0	0	0	0	0	0	0	0	0	0	0	0	0	1	63	249621	63	249621
6A	Yes	Mobile Home	0	0	0	0	0	0	0	0	0	0	0	0.00121575	0.00121575	0.00121575	0.00121575	0.00121575	0.00121575	0.00121575	0.00121575	0.00121575	0.00121575	0.00121575	0.0100515	0.0100515	0.0100515	0.0100515	0.0100515	0.0100515	0.0100515	0.0100515	0.0100515	0.0100515	0.0100515	0.0727527	0.0727527	0.0727527	0.0727527	0.0727527	0.0727527	0.0727527	0.0727527	0.0727527	0.0727527	0.0727527	0.00688907	0.00688907	0.00688907	0.00688907	0.00688907	0.00688907	0.00688907	0.00688907	0.00688907	0.00688907	0.00688907	0	20	71181.9	20	71181.9
6A	No	Multi-Family with 2 - 4 Units	0	0	0	0	0	0	0	0	0	0	0	0	0	0	0	0	0	0	0	0	0	0	0	0	0	0	0	0	0	0	0	0	0	0	0	0	0	0	0	0	0	0	0	0	0	0	0	0	0	0	0	0	0	0	0	1	76	457445	76	457445
6A	Yes	Multi-Family with 2 - 4 Units	0	0	0	0	0	0	0	0	0	0	0	0.0194555	0.0194555	0.0194555	0.0194555	0.0194555	0.0194555	0.0194555	0.0194555	0.0194555	0.0194555	0.0194555	0.0190598	0.0190598	0.0190598	0.0190598	0.0190598	0.0190598	0.0190598	0.0190598	0.0190598	0.0190598	0.0190598	0.0351579	0.0351579	0.0351579	0.0351579	0.0351579	0.0351579	0.0351579	0.0351579	0.0351579	0.0351579	0.0351579	0.0172358	0.0172358	0.0172358	0.0172358	0.0172358	0.0172358	0.0172358	0.0172358	0.0172358	0.0172358	0.0172358	0	15	68878.3	15	68878.3
6A	No	Multi-Family with 5+ Units	0	0	0	0	0	0	0	0	0	0	0	0	0	0	0	0	0	0	0	0	0	0	0	0	0	0	0	0	0	0	0	0	0	0	0	0	0	0	0	0	0	0	0	0	0	0	0	0	0	0	0	0	0	0	0	1	131	844733	131	844733
6A	Yes	Multi-Family with 5+ Units	0.0116879	0.0116879	0.0116879	0.0116879	0.0116879	0.0116879	0.0116879	0.0116879	0.0116879	0.0116879	0.0116879	0.0153618	0.0153618	0.0153618	0.0153618	0.0153618	0.0153618	0.0153618	0.0153618	0.0153618	0.0153618	0.0153618	0.0083353	0.0083353	0.0083353	0.0083353	0.0083353	0.0083353	0.0083353	0.0083353	0.0083353	0.0083353	0.0083353	0.0373959	0.0373959	0.0373959	0.0373959	0.0373959	0.0373959	0.0373959	0.0373959	0.0373959	0.0373959	0.0373959	0.0181282	0.0181282	0.0181282	0.0181282	0.0181282	0.0181282	0.0181282	0.0181282	0.0181282	0.0181282	0.0181282	0	42	258803	42	258803
6A	No	Single-Family Attached	0	0	0	0	0	0	0	0	0	0	0	0	0	0	0	0	0	0	0	0	0	0	0	0	0	0	0	0	0	0	0	0	0	0	0	0	0	0	0	0	0	0	0	0	0	0	0	0	0	0	0	0	0	0	0	1	90	228546	90	228546
6A	Yes	Single-Family Attached	0.000581795	0.000581795	0.000581795	0.000581795	0.000581795	0.000581795	0.000581795	0.000581795	0.000581795	0.000581795	0.000581795	0.00302822	0.00302822	0.00302822	0.00302822	0.00302822	0.00302822	0.00302822	0.00302822	0.00302822	0.00302822	0.00302822	0	0	0	0	0	0	0	0	0	0	0	0.0523276	0.0523276	0.0523276	0.0523276	0.0523276	0.0523276	0.0523276	0.0523276	0.0523276	0.0523276	0.0523276	0.0349714	0.0349714	0.0349714	0.0349714	0.0349714	0.0349714	0.0349714	0.0349714	0.0349714	0.0349714	0.0349714	0	39	103731	39	103731
6A	No	Single-Family Detached	0	0	0	0	0	0	0	0	0	0	0	0	0	0	0	0	0	0	0	0	0	0	0	0	0	0	0	0	0	0	0	0	0	0	0	0	0	0	0	0	0	0	0	0	0	0	0	0	0	0	0	0	0	0	0	1	835	3.56739e+06	835	3.56739e+06
6A	Yes	Single-Family Detached	0.00315385	0.00315385	0.00315385	0.00315385	0.00315385	0.00315385	0.00315385	0.00315385	0.00315385	0.00315385	0.00315385	0.00739342	0.00739342	0.00739342	0.00739342	0.00739342	0.00739342	0.00739342	0.00739342	0.00739342	0.00739342	0.00739342	0.00495645	0.00495645	0.00495645	0.00495645	0.00495645	0.00495645	0.00495645	0.00495645	0.00495645	0.00495645	0.00495645	0.0542384	0.0542384	0.0542384	0.0542384	0.0542384	0.0542384	0.0542384	0.0542384	0.0542384	0.0542384	0.0542384	0.0211669	0.0211669	0.0211669	0.0211669	0.0211669	0.0211669	0.0211669	0.0211669	0.0211669	0.0211669	0.0211669	0	343	1.54881e+06	343	1.54881e+06
6B	No	Mobile Home	0	0	0	0	0	0	0	0	0	0	0	0	0	0	0	0	0	0	0	0	0	0	0	0	0	0	0	0	0	0	0	0	0	0	0	0	0	0	0	0	0	0	0	0	0	0	0	0	0	0	0	0	0	0	0	1	25	54398	25	54398
6B	Yes	Mobile Home	0.00254651	0.00254651	0.00254651	0.00254651	0.00254651	0.00254651	0.00254651	0.00254651	0.00254651	0.00254651	0.00254651	0.00907735	0.00907735	0.00907735	0.00907735	0.00907735	0.00907735	0.00907735	0.00907735	0.00907735	0.00907735	0.00907735	0	0	0	0	0	0	0	0	0	0	0	0.0792852	0.0792852	0.0792852	0.0792852	0.0792852	0.0792852	0.0792852	0.0792852	0.0792852	0.0792852	0.0792852	0	0	0	0	0	0	0	0	0	0	0	0	17	33026	17	33026
6B	No	Multi-Family with 2 - 4 Units	0	0	0	0	0	0	0	0	0	0	0	0	0	0	0	0	0	0	0	0	0	0	0	0	0	0	0	0	0	0	0	0	0	0	0	0	0	0	0	0	0	0	0	0	0	0	0	0	0	0	0	0	0	0	0	1	13	50129.8	13	50129.8
6B	Yes	Multi-Family with 2 - 4 Units	0	0	0	0	0	0	0	0	0	0	0	0.00818212	0.00818212	0.00818212	0.00818212	0.00818212	0.00818212	0.00818212	0.00818212	0.00818212	0.00818212	0.00818212	0.00743391	0.00743391	0.00743391	0.00743391	0.00743391	0.00743391	0.00743391	0.00743391	0.00743391	0.00743391	0.00743391	0.0709545	0.0709545	0.0709545	0.0709545	0.0709545	0.0709545	0.0709545	0.0709545	0.0709545	0.0709545	0.0709545	0.00433857	0.00433857	0.00433857	0.00433857	0.00433857	0.00433857	0.00433857	0.00433857	0.00433857	0.00433857	0.00433857	0	2	17318.6	10	41716.4
6B	No	Multi-Family with 5+ Units	0	0	0	0	0	0	0	0	0	0	0	0	0	0	0	0	0	0	0	0	0	0	0	0	0	0	0	0	0	0	0	0	0	0	0	0	0	0	0	0	0	0	0	0	0	0	0	0	0	0	0	0	0	0	0	1	23	83415	23	83415
6B	Yes	Multi-Family with 5+ Units	0	0	0	0	0	0	0	0	0	0	0	0.00818212	0.00818212	0.00818212	0.00818212	0.00818212	0.00818212	0.00818212	0.00818212	0.00818212	0.00818212	0.00818212	0.00743391	0.00743391	0.00743391	0.00743391	0.00743391	0.00743391	0.00743391	0.00743391	0.00743391	0.00743391	0.00743391	0.0709545	0.0709545	0.0709545	0.0709545	0.0709545	0.0709545	0.0709545	0.0709545	0.0709545	0.0709545	0.0709545	0.00433857	0.00433857	0.00433857	0.00433857	0.00433857	0.00433857	0.00433857	0.00433857	0.00433857	0.00433857	0.00433857	0	8	24397.8	10	41716.4
6B	No	Single-Family Attached	0	0	0	0	0	0	0	0	0	0	0	0	0	0	0	0	0	0	0	0	0	0	0	0	0	0	0	0	0	0	0	0	0	0	0	0	0	0	0	0	0	0	0	0	0	0	0	0	0	0	0	0	0	0	0	1	19	27390.5	19	27390.5
6B	Yes	Single-Family Attached	0	0	0	0	0	0	0	0	0	0	0	0.0211876	0.0211876	0.0211876	0.0211876	0.0211876	0.0211876	0.0211876	0.0211876	0.0211876	0.0211876	0.0211876	0.0155553	0.0155553	0.0155553	0.0155553	0.0155553	0.0155553	0.0155553	0.0155553	0.0155553	0.0155553	0.0155553	0.0454993	0.0454993	0.0454993	0.0454993	0.0454993	0.0454993	0.0454993	0.0454993	0.0454993	0.0454993	0.0454993	0.0086668	0.0086668	0.0086668	0.0086668	0.0086668	0.0086668	0.0086668	0.0086668	0.0086668	0.0086668	0.0086668	0	15	28554.1	15	28554.1
6B	No	Single-Family Detached	0	0	0	0	0	0	0	0	0	0	0	0	0	0	0	0	0	0	0	0	0	0	0	0	0	0	0	0	0	0	0	0	0	0	0	0	0	0	0	0	0	0	0	0	0	0	0	0	0	0	0	0	0	0	0	1	228	468874	228	468874
6B	Yes	Single-Family Detached	0.00541407	0.00541407	0.00541407	0.00541407	0.00541407	0.00541407	0.00541407	0.00541407	0.00541407	0.00541407	0.00541407	0.00675225	0.00675225	0.00675225	0.00675225	0.00675225	0.00675225	0.00675225	0.00675225	0.00675225	0.00675225	0.00675225	0.00200193	0.00200193	0.00200193	0.00200193	0.00200193	0.00200193	0.00200193	0.00200193	0.00200193	0.00200193	0.00200193	0.0637192	0.0637192	0.0637192	0.0637192	0.0637192	0.0637192	0.0637192	0.0637192	0.0637192	0.0637192	0.0637192	0.0130216	0.0130216	0.0130216	0.0130216	0.0130216	0.0130216	0.0130216	0.0130216	0.0130216	0.0130216	0.0130216	0	99	191325	99	191325
7A	No	Mobile Home	0	0	0	0	0	0	0	0	0	0	0	0	0	0	0	0	0	0	0	0	0	0	0	0	0	0	0	0	0	0	0	0	0	0	0	0	0	0	0	0	0	0	0	0	0	0	0	0	0	0	0	0	0	0	0	1	9	14735	168	463106
7A	Yes	Mobile Home	0.00229118	0.00229118	0.00229118	0.00229118	0.00229118	0.00229118	0.00229118	0.00229118	0.00229118	0.00229118	0.00229118	0.00279034	0.00279034	0.00279034	0.00279034	0.00279034	0.00279034	0.00279034	0.00279034	0.00279034	0.00279034	0.00279034	0.000447011	0.000447011	0.000447011	0.000447011	0.000447011	0.000447011	0.000447011	0.000447011	0.000447011	0.000447011	0.000447011	0.0631918	0.0631918	0.0631918	0.0631918	0.0631918	0.0631918	0.0631918	0.0631918	0.0631918	0.0631918	0.0631918	0.0221887	0.0221887	0.0221887	0.0221887	0.0221887	0.0221887	0.0221887	0.0221887	0.0221887	0.0221887	0.0221887	0	4	16907.3	69	170811
7A	No	Multi-Family with 2 - 4 Units	0	0	0	0	0	0	0	0	0	0	0	0	0	0	0	0	0	0	0	0	0	0	0	0	0	0	0	0	0	0	0	0	0	0	0	0	0	0	0	0	0	0	0	0	0	0	0	0	0	0	0	0	0	0	0	1	9	48688.5	49	142633
7A	Yes	Multi-Family with 2 - 4 Units	0.00281101	0.00281101	0.00281101	0.00281101	0.00281101	0.00281101	0.00281101	0.00281101	0.00281101	0.00281101	0.00281101	0.00624544	0.00624544	0.00624544	0.00624544	0.00624544	0.00624544	0.00624544	0.00624544	0.00624544	0.00624544	0.00624544	0.0130148	0.0130148	0.0130148	0.0130148	0.0130148	0.0130148	0.0130148	0.0130148	0.0130148	0.0130148	0.0130148	0.0378084	0.0378084	0.0378084	0.0378084	0.0378084	0.0378084	0.0378084	0.0378084	0.0378084	0.0378084	0.0378084	0.0310294	0.0310294	0.0310294	0.0310294	0.0310294	0.0310294	0.0310294	0.0310294	0.0310294	0.0310294	0.0310294	0	5	11756	22	51051
7A	No	Multi-Family with 5+ Units	0	0	0	0	0	0	0	0	0	0	0	0	0	0	0	0	0	0	0	0	0	0	0	0	0	0	0	0	0	0	0	0	0	0	0	0	0	0	0	0	0	0	0	0	0	0	0	0	0	0	0	0	0	0	0	1	40	93944.4	40	93944.4
7A	Yes	Multi-Family with 5+ Units	0.00365199	0.00365199	0.00365199	0.00365199	0.00365199	0.00365199	0.00365199	0.00365199	0.00365199	0.00365199	0.00365199	0.00592658	0.00592658	0.00592658	0.00592658	0.00592658	0.00592658	0.00592658	0.00592658	0.00592658	0.00592658	0.00592658	0	0	0	0	0	0	0	0	0	0	0	0.0437631	0.0437631	0.0437631	0.0437631	0.0437631	0.0437631	0.0437631	0.0437631	0.0437631	0.0437631	0.0437631	0.0375674	0.0375674	0.0375674	0.0375674	0.0375674	0.0375674	0.0375674	0.0375674	0.0375674	0.0375674	0.0375674	0	17	39295	17	39295
7A	No	Single-Family Attached	0	0	0	0	0	0	0	0	0	0	0	0	0	0	0	0	0	0	0	0	0	0	0	0	0	0	0	0	0	0	0	0	0	0	0	0	0	0	0	0	0	0	0	0	0	0	0	0	0	0	0	0	0	0	0	1	24	22613	24	22613
7A	Yes	Single-Family Attached	0.00229118	0.00229118	0.00229118	0.00229118	0.00229118	0.00229118	0.00229118	0.00229118	0.00229118	0.00229118	0.00229118	0.00279034	0.00279034	0.00279034	0.00279034	0.00279034	0.00279034	0.00279034	0.00279034	0.00279034	0.00279034	0.00279034	0.000447011	0.000447011	0.000447011	0.000447011	0.000447011	0.000447011	0.000447011	0.000447011	0.000447011	0.000447011	0.000447011	0.0631918	0.0631918	0.0631918	0.0631918	0.0631918	0.0631918	0.0631918	0.0631918	0.0631918	0.0631918	0.0631918	0.0221887	0.0221887	0.0221887	0.0221887	0.0221887	0.0221887	0.0221887	0.0221887	0.0221887	0.0221887	0.0221887	0	6	7442.91	69	170811
7A	No	Single-Family Detached	0	0	0	0	0	0	0	0	0	0	0	0	0	0	0	0	0	0	0	0	0	0	0	0	0	0	0	0	0	0	0	0	0	0	0	0	0	0	0	0	0	0	0	0	0	0	0	0	0	0	0	0	0	0	0	1	135	425758	135	425758
7A	Yes	Single-Family Detached	0.00236033	0.00236033	0.00236033	0.00236033	0.00236033	0.00236033	0.00236033	0.00236033	0.00236033	0.00236033	0.00236033	0.00288968	0.00288968	0.00288968	0.00288968	0.00288968	0.00288968	0.00288968	0.00288968	0.00288968	0.00288968	0.00288968	0.00052133	0.00052133	0.00052133	0.00052133	0.00052133	0.00052133	0.00052133	0.00052133	0.00052133	0.00052133	0.00052133	0.0630514	0.0630514	0.0630514	0.0630514	0.0630514	0.0630514	0.0630514	0.0630514	0.0630514	0.0630514	0.0630514	0.0220863	0.0220863	0.0220863	0.0220863	0.0220863	0.0220863	0.0220863	0.0220863	0.0220863	0.0220863	0.0220863	0	59	146460	59	146460
7AK	No	Mobile Home	0	0	0	0	0	0	0	0	0	0	0	0	0	0	0	0	0	0	0	0	0	0	0	0	0	0	0	0	0	0	0	0	0	0	0	0	0	0	0	0	0	0	0	0	0	0	0	0	0	0	0	0	0	0	0	1	11	10561.5	11	10561.5
7AK	Yes	Mobile Home	0	0	0	0	0	0	0	0	0	0	0	0	0	0	0	0	0	0	0	0	0	0	0	0	0	0	0	0	0	0	0	0	0	0.0909091	0.0909091	0.0909091	0.0909091	0.0909091	0.0909091	0.0909091	0.0909091	0.0909091	0.0909091	0.0909091	0	0	0	0	0	0	0	0	0	0	0	0	0	0	6	5239.3
7AK	No	Multi-Family with 2 - 4 Units	0	0	0	0	0	0	0	0	0	0	0	0	0	0	0	0	0	0	0	0	0	0	0	0	0	0	0	0	0	0	0	0	0	0	0	0	0	0	0	0	0	0	0	0	0	0	0	0	0	0	0	0	0	0	0	1	21	22380	21	22380
7AK	Yes	Multi-Family with 2 - 4 Units	0	0	0	0	0	0	0	0	0	0	0	0	0	0	0	0	0	0	0	0	0	0	0	0	0	0	0	0	0	0	0	0	0	0.0909091	0.0909091	0.0909091	0.0909091	0.0909091	0.0909091	0.0909091	0.0909091	0.0909091	0.0909091	0.0909091	0	0	0	0	0	0	0	0	0	0	0	0	1	1197.56	6	5239.3
7AK	No	Multi-Family with 5+ Units	0	0	0	0	0	0	0	0	0	0	0	0	0	0	0	0	0	0	0	0	0	0	0	0	0	0	0	0	0	0	0	0	0	0	0	0	0	0	0	0	0	0	0	0	0	0	0	0	0	0	0	0	0	0	0	1	27	30038.2	27	30038.2
7AK	Yes	Multi-Family with 5+ Units	0	0	0	0	0	0	0	0	0	0	0	0	0	0	0	0	0	0	0	0	0	0	0	0	0	0	0	0	0	0	0	0	0	0.0909091	0.0909091	0.0909091	0.0909091	0.0909091	0.0909091	0.0909091	0.0909091	0.0909091	0.0909091	0.0909091	0	0	0	0	0	0	0	0	0	0	0	0	0	0	6	5239.3
7AK	No	Single-Family Attached	0	0	0	0	0	0	0	0	0	0	0	0	0	0	0	0	0	0	0	0	0	0	0	0	0	0	0	0	0	0	0	0	0	0	0	0	0	0	0	0	0	0	0	0	0	0	0	0	0	0	0	0	0	0	0	1	41	22213.9	41	22213.9
7AK	Yes	Single-Family Attached	0	0	0	0	0	0	0	0	0	0	0	0	0	0	0	0	0	0	0	0	0	0	0	0	0	0	0	0	0	0	0	0	0	0.0909091	0.0909091	0.0909091	0.0909091	0.0909091	0.0909091	0.0909091	0.0909091	0.0909091	0.0909091	0.0909091	0	0	0	0	0	0	0	0	0	0	0	0	0	0	6	5239.3
7AK	No	Single-Family Detached	0	0	0	0	0	0	0	0	0	0	0	0	0	0	0	0	0	0	0	0	0	0	0	0	0	0	0	0	0	0	0	0	0	0	0	0	0	0	0	0	0	0	0	0	0	0	0	0	0	0	0	0	0	0	0	1	152	120044	152	120044
7AK	Yes	Single-Family Detached	0	0	0	0	0	0	0	0	0	0	0	0	0	0	0	0	0	0	0	0	0	0	0	0	0	0	0	0	0	0	0	0	0	0.0909091	0.0909091	0.0909091	0.0909091	0.0909091	0.0909091	0.0909091	0.0909091	0.0909091	0.0909091	0.0909091	0	0	0	0	0	0	0	0	0	0	0	0	4	3351.87	6	5239.3
7B	No	Mobile Home	0	0	0	0	0	0	0	0	0	0	0	0	0	0	0	0	0	0	0	0	0	0	0	0	0	0	0	0	0	0	0	0	0	0	0	0	0	0	0	0	0	0	0	0	0	0	0	0	0	0	0	0	0	0	0	1	0	0	278	569752
7B	Yes	Mobile Home	0.00442833	0.00442833	0.00442833	0.00442833	0.00442833	0.00442833	0.00442833	0.00442833	0.00442833	0.00442833	0.00442833	0.00868569	0.00868569	0.00868569	0.00868569	0.00868569	0.00868569	0.00868569	0.00868569	0.00868569	0.00868569	0.00868569	0.00327074	0.00327074	0.00327074	0.00327074	0.00327074	0.00327074	0.00327074	0.00327074	0.00327074	0.00327074	0.00327074	0.0636948	0.0636948	0.0636948	0.0636948	0.0636948	0.0636948	0.0636948	0.0636948	0.0636948	0.0636948	0.0636948	0.0108295	0.0108295	0.0108295	0.0108295	0.0108295	0.0108295	0.0108295	0.0108295	0.0108295	0.0108295	0.0108295	0	0	0	131	252905
7B	No	Multi-Family with 2 - 4 Units	0	0	0	0	0	0	0	0	0	0	0	0	0	0	0	0	0	0	0	0	0	0	0	0	0	0	0	0	0	0	0	0	0	0	0	0	0	0	0	0	0	0	0	0	0	0	0	0	0	0	0	0	0	0	0	1	1	9139.16	37	142684
7B	Yes	Multi-Family with 2 - 4 Units	0	0	0	0	0	0	0	0	0	0	0	0.00818212	0.00818212	0.00818212	0.00818212	0.00818212	0.00818212	0.00818212	0.00818212	0.00818212	0.00818212	0.00818212	0.00743391	0.00743391	0.00743391	0.00743391	0.00743391	0.00743391	0.00743391	0.00743391	0.00743391	0.00743391	0.00743391	0.0709545	0.0709545	0.0709545	0.0709545	0.0709545	0.0709545	0.0709545	0.0709545	0.0709545	0.0709545	0.0709545	0.00433857	0.00433857	0.00433857	0.00433857	0.00433857	0.00433857	0.00433857	0.00433857	0.00433857	0.00433857	0.00433857	0	0	0	10	41716.4
7B	No	Multi-Family with 5+ Units	0	0	0	0	0	0	0	0	0	0	0	0	0	0	0	0	0	0	0	0	0	0	0	0	0	0	0	0	0	0	0	0	0	0	0	0	0	0	0	0	0	0	0	0	0	0	0	0	0	0	0	0	0	0	0	1	0	0	37	142684
7B	Yes	Multi-Family with 5+ Units	0	0	0	0	0	0	0	0	0	0	0	0.00818212	0.00818212	0.00818212	0.00818212	0.00818212	0.00818212	0.00818212	0.00818212	0.00818212	0.00818212	0.00818212	0.00743391	0.00743391	0.00743391	0.00743391	0.00743391	0.00743391	0.00743391	0.00743391	0.00743391	0.00743391	0.00743391	0.0709545	0.0709545	0.0709545	0.0709545	0.0709545	0.0709545	0.0709545	0.0709545	0.0709545	0.0709545	0.0709545	0.00433857	0.00433857	0.00433857	0.00433857	0.00433857	0.00433857	0.00433857	0.00433857	0.00433857	0.00433857	0.00433857	0	0	0	10	41716.4
7B	No	Single-Family Attached	0	0	0	0	0	0	0	0	0	0	0	0	0	0	0	0	0	0	0	0	0	0	0	0	0	0	0	0	0	0	0	0	0	0	0	0	0	0	0	0	0	0	0	0	0	0	0	0	0	0	0	0	0	0	0	1	2	1849.6	278	569752
7B	Yes	Single-Family Attached	0.00442833	0.00442833	0.00442833	0.00442833	0.00442833	0.00442833	0.00442833	0.00442833	0.00442833	0.00442833	0.00442833	0.00868569	0.00868569	0.00868569	0.00868569	0.00868569	0.00868569	0.00868569	0.00868569	0.00868569	0.00868569	0.00868569	0.00327074	0.00327074	0.00327074	0.00327074	0.00327074	0.00327074	0.00327074	0.00327074	0.00327074	0.00327074	0.00327074	0.0636948	0.0636948	0.0636948	0.0636948	0.0636948	0.0636948	0.0636948	0.0636948	0.0636948	0.0636948	0.0636948	0.0108295	0.0108295	0.0108295	0.0108295	0.0108295	0.0108295	0.0108295	0.0108295	0.0108295	0.0108295	0.0108295	0	0	0	131	252905
7B	No	Single-Family Detached	0	0	0	0	0	0	0	0	0	0	0	0	0	0	0	0	0	0	0	0	0	0	0	0	0	0	0	0	0	0	0	0	0	0	0	0	0	0	0	0	0	0	0	0	0	0	0	0	0	0	0	0	0	0	0	1	4	17240.1	278	569752
7B	Yes	Single-Family Detached	0.00442833	0.00442833	0.00442833	0.00442833	0.00442833	0.00442833	0.00442833	0.00442833	0.00442833	0.00442833	0.00442833	0.00868569	0.00868569	0.00868569	0.00868569	0.00868569	0.00868569	0.00868569	0.00868569	0.00868569	0.00868569	0.00868569	0.00327074	0.00327074	0.00327074	0.00327074	0.00327074	0.00327074	0.00327074	0.00327074	0.00327074	0.00327074	0.00327074	0.0636948	0.0636948	0.0636948	0.0636948	0.0636948	0.0636948	0.0636948	0.0636948	0.0636948	0.0636948	0.0636948	0.0108295	0.0108295	0.0108295	0.0108295	0.0108295	0.0108295	0.0108295	0.0108295	0.0108295	0.0108295	0.0108295	0	0	0	131	252905
8AK	No	Mobile Home	0	0	0	0	0	0	0	0	0	0	0	0	0	0	0	0	0	0	0	0	0	0	0	0	0	0	0	0	0	0	0	0	0	0	0	0	0	0	0	0	0	0	0	0	0	0	0	0	0	0	0	0	0	0	0	1	1	944.437	49	42361.9
8AK	Yes	Mobile Home	0	0	0	0	0	0	0	0	0	0	0	0	0	0	0	0	0	0	0	0	0	0	0	0	0	0	0	0	0	0	0	0	0	0.0909091	0.0909091	0.0909091	0.0909091	0.0909091	0.0909091	0.0909091	0.0909091	0.0909091	0.0909091	0.0909091	0	0	0	0	0	0	0	0	0	0	0	0	0	0	6	5239.3
8AK	No	Multi-Family with 2 - 4 Units	0	0	0	0	0	0	0	0	0	0	0	0	0	0	0	0	0	0	0	0	0	0	0	0	0	0	0	0	0	0	0	0	0	0	0	0	0	0	0	0	0	0	0	0	0	0	0	0	0	0	0	0	0	0	0	1	2	2167.75	52	56771.8
8AK	Yes	Multi-Family with 2 - 4 Units	0	0	0	0	0	0	0	0	0	0	0	0	0	0	0	0	0	0	0	0	0	0	0	0	0	0	0	0	0	0	0	0	0	0.0909091	0.0909091	0.0909091	0.0909091	0.0909091	0.0909091	0.0909091	0.0909091	0.0909091	0.0909091	0.0909091	0	0	0	0	0	0	0	0	0	0	0	0	0	0	6	5239.3
8AK	No	Multi-Family with 5+ Units	0	0	0	0	0	0	0	0	0	0	0	0	0	0	0	0	0	0	0	0	0	0	0	0	0	0	0	0	0	0	0	0	0	0	0	0	0	0	0	0	0	0	0	0	0	0	0	0	0	0	0	0	0	0	0	1	2	2185.89	52	56771.8
8AK	Yes	Multi-Family with 5+ Units	0	0	0	0	0	0	0	0	0	0	0	0	0	0	0	0	0	0	0	0	0	0	0	0	0	0	0	0	0	0	0	0	0	0.0909091	0.0909091	0.0909091	0.0909091	0.0909091	0.0909091	0.0909091	0.0909091	0.0909091	0.0909091	0.0909091	0	0	0	0	0	0	0	0	0	0	0	0	0	0	6	5239.3
8AK	No	Single-Family Attached	0	0	0	0	0	0	0	0	0	0	0	0	0	0	0	0	0	0	0	0	0	0	0	0	0	0	0	0	0	0	0	0	0	0	0	0	0	0	0	0	0	0	0	0	0	0	0	0	0	0	0	0	0	0	0	1	10	6375.09	10	6375.09
8AK	Yes	Single-Family Attached	0	0	0	0	0	0	0	0	0	0	0	0	0	0	0	0	0	0	0	0	0	0	0	0	0	0	0	0	0	0	0	0	0	0.0909091	0.0909091	0.0909091	0.0909091	0.0909091	0.0909091	0.0909091	0.0909091	0.0909091	0.0909091	0.0909091	0	0	0	0	0	0	0	0	0	0	0	0	0	0	6	5239.3
8AK	No	Single-Family Detached	0	0	0	0	0	0	0	0	0	0	0	0	0	0	0	0	0	0	0	0	0	0	0	0	0	0	0	0	0	0	0	0	0	0	0	0	0	0	0	0	0	0	0	0	0	0	0	0	0	0	0	0	0	0	0	1	38	35042.4	38	35042.4
8AK	Yes	Single-Family Detached	0	0	0	0	0	0	0	0	0	0	0	0	0	0	0	0	0	0	0	0	0	0	0	0	0	0	0	0	0	0	0	0	0	0.0909091	0.0909091	0.0909091	0.0909091	0.0909091	0.0909091	0.0909091	0.0909091	0.0909091	0.0909091	0.0909091	0	0	0	0	0	0	0	0	0	0	0	0	1	689.874	6	5239.3
# Created by: sources\recs\recs2020\tsv_maker.py
# Description: The period and offset for the dwelling unit's cooling setpoint. Default for the day is from 9am to 5pm and for the night is 10pm to 7am.
# Source: Constructed using U.S. EIA 2020 Residential Energy Consumption Survey (RECS) microdata.
# Assumption: For dependency conditions with low samples, the following lumpings are used in progressive order until there are enough samples: 1) lumping buildings into Single-Family and Multi-Family only,  2) lumping buildings into Single-Family and Multi-Family only and lumping nearby climate zones within  A/B regions and separately 7AK and 8AK 3) lumping all building types together and lumping climate zones within A/B regions and separately 7AK and 8AK