Dependency=ASHRAE IECC Climate Zone 2004	Dependency=Geometry Building Type RECS	Dependency=Heating Setpoint Has Offset	Dependency=HVAC Has Zonal Electric Heating	Option=Day	Option=Day -1h	Option=Day -2h	Option=Day -3h	Option=Day -4h	Option=Day -5h	Option=Day +1h	Option=Day +2h	Option=Day +3h	Option=Day +4h	Option=Day +5h	Option=Day and Night	Option=Day and Night -1h	Option=Day and Night -2h	Option=Day and Night -3h	Option=Day and Night -4h	Option=Day and Night -5h	Option=Day and Night +1h	Option=Day and Night +2h	Option=Day and Night +3h	Option=Day and Night +4h	Option=Day and Night +5h	Option=Night	Option=Night -1h	Option=Night -2h	Option=Night -3h	Option=Night -4h	Option=Night -5h	Option=Night +1h	Option=Night +2h	Option=Night +3h	Option=Night +4h	Option=Night +5h	Option=None	source_count	source_weight	fallback_count	fallback_weight
1A	Mobile Home	No	No	0	0	0	0	0	0	0	0	0	0	0	0	0	0	0	0	0	0	0	0	0	0	0	0	0	0	0	0	0	0	0	0	0	1	1	16405.8	256	978001
1A	Mobile Home	Yes	No	0.0082551	0.0082551	0.0082551	0.0082551	0.0082551	0.0082551	0.0082551	0.0082551	0.0082551	0.0082551	0.0082551	0.00148496	0.00148496	0.00148496	0.00148496	0.00148496	0.00148496	0.00148496	0.00148496	0.00148496	0.00148496	0.00148496	0.081169	0.081169	0.081169	0.081169	0.081169	0.081169	0.081169	0.081169	0.081169	0.081169	0.081169	0	0	0	13	127407
1A	Multi-Family with 2 - 4 Units	No	No	0	0	0	0	0	0	0	0	0	0	0	0	0	0	0	0	0	0	0	0	0	0	0	0	0	0	0	0	0	0	0	0	0	1	21	135484	21	135484
1A	Multi-Family with 2 - 4 Units	Yes	No	0.00864165	0.00864165	0.00864165	0.00864165	0.00864165	0.00864165	0.00864165	0.00864165	0.00864165	0.00864165	0.00864165	0.00978985	0.00978985	0.00978985	0.00978985	0.00978985	0.00978985	0.00978985	0.00978985	0.00978985	0.00978985	0.00978985	0.0724776	0.0724776	0.0724776	0.0724776	0.0724776	0.0724776	0.0724776	0.0724776	0.0724776	0.0724776	0.0724776	0	2	16373.1	66	905443
1A	Multi-Family with 5+ Units	No	No	0	0	0	0	0	0	0	0	0	0	0	0	0	0	0	0	0	0	0	0	0	0	0	0	0	0	0	0	0	0	0	0	0	1	92	715626	92	715626
1A	Multi-Family with 5+ Units	Yes	No	0.00864165	0.00864165	0.00864165	0.00864165	0.00864165	0.00864165	0.00864165	0.00864165	0.00864165	0.00864165	0.00864165	0.00978985	0.00978985	0.00978985	0.00978985	0.00978985	0.00978985	0.00978985	0.00978985	0.00978985	0.00978985	0.00978985	0.0724776	0.0724776	0.0724776	0.0724776	0.0724776	0.0724776	0.0724776	0.0724776	0.0724776	0.0724776	0.0724776	0	6	88751.7	66	905443
1A	Single-Family Attached	No	No	0	0	0	0	0	0	0	0	0	0	0	0	0	0	0	0	0	0	0	0	0	0	0	0	0	0	0	0	0	0	0	0	0	1	42	146241	42	146241
1A	Single-Family Attached	Yes	No	0.0082551	0.0082551	0.0082551	0.0082551	0.0082551	0.0082551	0.0082551	0.0082551	0.0082551	0.0082551	0.0082551	0.00148496	0.00148496	0.00148496	0.00148496	0.00148496	0.00148496	0.00148496	0.00148496	0.00148496	0.00148496	0.00148496	0.081169	0.081169	0.081169	0.081169	0.081169	0.081169	0.081169	0.081169	0.081169	0.081169	0.081169	0	3	27374.6	13	127407
1A	Single-Family Detached	No	No	0	0	0	0	0	0	0	0	0	0	0	0	0	0	0	0	0	0	0	0	0	0	0	0	0	0	0	0	0	0	0	0	0	1	213	815354	213	815354
1A	Single-Family Detached	Yes	No	0.0105142	0.0105142	0.0105142	0.0105142	0.0105142	0.0105142	0.0105142	0.0105142	0.0105142	0.0105142	0.0105142	0.00189133	0.00189133	0.00189133	0.00189133	0.00189133	0.00189133	0.00189133	0.00189133	0.00189133	0.00189133	0.00189133	0.0785036	0.0785036	0.0785036	0.0785036	0.0785036	0.0785036	0.0785036	0.0785036	0.0785036	0.0785036	0.0785036	0	10	100033	10	100033
1A	Mobile Home	No	Yes	0	0	0	0	0	0	0	0	0	0	0	0	0	0	0	0	0	0	0	0	0	0	0	0	0	0	0	0	0	0	0	0	0	1	0	0	54	485401
1A	Mobile Home	Yes	Yes	0.0107786	0.0107786	0.0107786	0.0107786	0.0107786	0.0107786	0.0107786	0.0107786	0.0107786	0.0107786	0.0107786	0.00706223	0.00706223	0.00706223	0.00706223	0.00706223	0.00706223	0.00706223	0.00706223	0.00706223	0.00706223	0.00706223	0.0730682	0.0730682	0.0730682	0.0730682	0.0730682	0.0730682	0.0730682	0.0730682	0.0730682	0.0730682	0.0730682	0	0	0	46	436736
1A	Multi-Family with 2 - 4 Units	No	Yes	0	0	0	0	0	0	0	0	0	0	0	0	0	0	0	0	0	0	0	0	0	0	0	0	0	0	0	0	0	0	0	0	0	1	0	0	25	328627
1A	Multi-Family with 2 - 4 Units	Yes	Yes	0.0241962	0.0241962	0.0241962	0.0241962	0.0241962	0.0241962	0.0241962	0.0241962	0.0241962	0.0241962	0.0241962	0	0	0	0	0	0	0	0	0	0	0	0.0667129	0.0667129	0.0667129	0.0667129	0.0667129	0.0667129	0.0667129	0.0667129	0.0667129	0.0667129	0.0667129	0	0	0	13	163388
1A	Multi-Family with 5+ Units	No	Yes	0	0	0	0	0	0	0	0	0	0	0	0	0	0	0	0	0	0	0	0	0	0	0	0	0	0	0	0	0	0	0	0	0	1	3	43333.8	25	328627
1A	Multi-Family with 5+ Units	Yes	Yes	0.0241962	0.0241962	0.0241962	0.0241962	0.0241962	0.0241962	0.0241962	0.0241962	0.0241962	0.0241962	0.0241962	0	0	0	0	0	0	0	0	0	0	0	0.0667129	0.0667129	0.0667129	0.0667129	0.0667129	0.0667129	0.0667129	0.0667129	0.0667129	0.0667129	0.0667129	0	0	0	13	163388
1A	Single-Family Attached	No	Yes	0	0	0	0	0	0	0	0	0	0	0	0	0	0	0	0	0	0	0	0	0	0	0	0	0	0	0	0	0	0	0	0	0	1	0	0	54	485401
1A	Single-Family Attached	Yes	Yes	0.0107786	0.0107786	0.0107786	0.0107786	0.0107786	0.0107786	0.0107786	0.0107786	0.0107786	0.0107786	0.0107786	0.00706223	0.00706223	0.00706223	0.00706223	0.00706223	0.00706223	0.00706223	0.00706223	0.00706223	0.00706223	0.00706223	0.0730682	0.0730682	0.0730682	0.0730682	0.0730682	0.0730682	0.0730682	0.0730682	0.0730682	0.0730682	0.0730682	0	1	1275.11	46	436736
1A	Single-Family Detached	No	Yes	0	0	0	0	0	0	0	0	0	0	0	0	0	0	0	0	0	0	0	0	0	0	0	0	0	0	0	0	0	0	0	0	0	1	3	18450	54	485401
1A	Single-Family Detached	Yes	Yes	0.0107786	0.0107786	0.0107786	0.0107786	0.0107786	0.0107786	0.0107786	0.0107786	0.0107786	0.0107786	0.0107786	0.00706223	0.00706223	0.00706223	0.00706223	0.00706223	0.00706223	0.00706223	0.00706223	0.00706223	0.00706223	0.00706223	0.0730682	0.0730682	0.0730682	0.0730682	0.0730682	0.0730682	0.0730682	0.0730682	0.0730682	0.0730682	0.0730682	0	3	25252.4	46	436736
2A	Mobile Home	No	No	0	0	0	0	0	0	0	0	0	0	0	0	0	0	0	0	0	0	0	0	0	0	0	0	0	0	0	0	0	0	0	0	0	1	54	645207	54	645207
2A	Mobile Home	Yes	No	0.0133335	0.0133335	0.0133335	0.0133335	0.0133335	0.0133335	0.0133335	0.0133335	0.0133335	0.0133335	0.0133335	0.0150592	0.0150592	0.0150592	0.0150592	0.0150592	0.0150592	0.0150592	0.0150592	0.0150592	0.0150592	0.0150592	0.0625164	0.0625164	0.0625164	0.0625164	0.0625164	0.0625164	0.0625164	0.0625164	0.0625164	0.0625164	0.0625164	0	33	353778	33	353778
2A	Multi-Family with 2 - 4 Units	No	No	0	0	0	0	0	0	0	0	0	0	0	0	0	0	0	0	0	0	0	0	0	0	0	0	0	0	0	0	0	0	0	0	0	1	47	497501	47	497501
2A	Multi-Family with 2 - 4 Units	Yes	No	0.00519008	0.00519008	0.00519008	0.00519008	0.00519008	0.00519008	0.00519008	0.00519008	0.00519008	0.00519008	0.00519008	0	0	0	0	0	0	0	0	0	0	0	0.085719	0.085719	0.085719	0.085719	0.085719	0.085719	0.085719	0.085719	0.085719	0.085719	0.085719	0	15	173839	15	173839
2A	Multi-Family with 5+ Units	No	No	0	0	0	0	0	0	0	0	0	0	0	0	0	0	0	0	0	0	0	0	0	0	0	0	0	0	0	0	0	0	0	0	0	1	104	1.52018e+06	104	1.52018e+06
2A	Multi-Family with 5+ Units	Yes	No	0.0110495	0.0110495	0.0110495	0.0110495	0.0110495	0.0110495	0.0110495	0.0110495	0.0110495	0.0110495	0.0110495	0.013842	0.013842	0.013842	0.013842	0.013842	0.013842	0.013842	0.013842	0.013842	0.013842	0.013842	0.0660175	0.0660175	0.0660175	0.0660175	0.0660175	0.0660175	0.0660175	0.0660175	0.0660175	0.0660175	0.0660175	0	43	626479	43	626479
2A	Single-Family Attached	No	No	0	0	0	0	0	0	0	0	0	0	0	0	0	0	0	0	0	0	0	0	0	0	0	0	0	0	0	0	0	0	0	0	0	1	51	342293	51	342293
2A	Single-Family Attached	Yes	No	0.0166286	0.0166286	0.0166286	0.0166286	0.0166286	0.0166286	0.0166286	0.0166286	0.0166286	0.0166286	0.0166286	0.0169879	0.0169879	0.0169879	0.0169879	0.0169879	0.0169879	0.0169879	0.0169879	0.0169879	0.0169879	0.0169879	0.0572925	0.0572925	0.0572925	0.0572925	0.0572925	0.0572925	0.0572925	0.0572925	0.0572925	0.0572925	0.0572925	0	36	188059	36	188059
2A	Single-Family Detached	No	No	0	0	0	0	0	0	0	0	0	0	0	0	0	0	0	0	0	0	0	0	0	0	0	0	0	0	0	0	0	0	0	0	0	1	577	5.44588e+06	577	5.44588e+06
2A	Single-Family Detached	Yes	No	0.00743327	0.00743327	0.00743327	0.00743327	0.00743327	0.00743327	0.00743327	0.00743327	0.00743327	0.00743327	0.00743327	0.00560804	0.00560804	0.00560804	0.00560804	0.00560804	0.00560804	0.00560804	0.00560804	0.00560804	0.00560804	0.00560804	0.0778678	0.0778678	0.0778678	0.0778678	0.0778678	0.0778678	0.0778678	0.0778678	0.0778678	0.0778678	0.0778678	0	371	3.34221e+06	371	3.34221e+06
2A	Mobile Home	No	Yes	0	0	0	0	0	0	0	0	0	0	0	0	0	0	0	0	0	0	0	0	0	0	0	0	0	0	0	0	0	0	0	0	0	1	11	110478	11	110478
2A	Mobile Home	Yes	Yes	0.013637	0.013637	0.013637	0.013637	0.013637	0.013637	0.013637	0.013637	0.013637	0.013637	0.013637	0.012526	0.012526	0.012526	0.012526	0.012526	0.012526	0.012526	0.012526	0.012526	0.012526	0.012526	0.064746	0.064746	0.064746	0.064746	0.064746	0.064746	0.064746	0.064746	0.064746	0.064746	0.064746	0	10	106911	10	106911
2A	Multi-Family with 2 - 4 Units	No	Yes	0	0	0	0	0	0	0	0	0	0	0	0	0	0	0	0	0	0	0	0	0	0	0	0	0	0	0	0	0	0	0	0	0	1	7	69153.8	22	285293
2A	Multi-Family with 2 - 4 Units	Yes	Yes	0.0241962	0.0241962	0.0241962	0.0241962	0.0241962	0.0241962	0.0241962	0.0241962	0.0241962	0.0241962	0.0241962	0	0	0	0	0	0	0	0	0	0	0	0.0667129	0.0667129	0.0667129	0.0667129	0.0667129	0.0667129	0.0667129	0.0667129	0.0667129	0.0667129	0.0667129	0	5	48186.2	13	163388
2A	Multi-Family with 5+ Units	No	Yes	0	0	0	0	0	0	0	0	0	0	0	0	0	0	0	0	0	0	0	0	0	0	0	0	0	0	0	0	0	0	0	0	0	1	15	216140	15	216140
2A	Multi-Family with 5+ Units	Yes	Yes	0.0241962	0.0241962	0.0241962	0.0241962	0.0241962	0.0241962	0.0241962	0.0241962	0.0241962	0.0241962	0.0241962	0	0	0	0	0	0	0	0	0	0	0	0.0667129	0.0667129	0.0667129	0.0667129	0.0667129	0.0667129	0.0667129	0.0667129	0.0667129	0.0667129	0.0667129	0	8	115202	13	163388
2A	Single-Family Attached	No	Yes	0	0	0	0	0	0	0	0	0	0	0	0	0	0	0	0	0	0	0	0	0	0	0	0	0	0	0	0	0	0	0	0	0	1	5	31900.9	51	466951
2A	Single-Family Attached	Yes	Yes	0.0114757	0.0114757	0.0114757	0.0114757	0.0114757	0.0114757	0.0114757	0.0114757	0.0114757	0.0114757	0.0114757	0.00751893	0.00751893	0.00751893	0.00751893	0.00751893	0.00751893	0.00751893	0.00751893	0.00751893	0.00751893	0.00751893	0.0719145	0.0719145	0.0719145	0.0719145	0.0719145	0.0719145	0.0719145	0.0719145	0.0719145	0.0719145	0.0719145	0	1	10505.3	42	410209
2A	Single-Family Detached	No	Yes	0	0	0	0	0	0	0	0	0	0	0	0	0	0	0	0	0	0	0	0	0	0	0	0	0	0	0	0	0	0	0	0	0	1	35	324572	35	324572
2A	Single-Family Detached	Yes	Yes	0.0110982	0.0110982	0.0110982	0.0110982	0.0110982	0.0110982	0.0110982	0.0110982	0.0110982	0.0110982	0.0110982	0.00596042	0.00596042	0.00596042	0.00596042	0.00596042	0.00596042	0.00596042	0.00596042	0.00596042	0.00596042	0.00596042	0.0738505	0.0738505	0.0738505	0.0738505	0.0738505	0.0738505	0.0738505	0.0738505	0.0738505	0.0738505	0.0738505	0	31	292793	31	292793
2B	Mobile Home	No	No	0	0	0	0	0	0	0	0	0	0	0	0	0	0	0	0	0	0	0	0	0	0	0	0	0	0	0	0	0	0	0	0	0	1	18	129321	18	129321
2B	Mobile Home	Yes	No	0.0062586	0.0062586	0.0062586	0.0062586	0.0062586	0.0062586	0.0062586	0.0062586	0.0062586	0.0062586	0.0062586	0.00924272	0.00924272	0.00924272	0.00924272	0.00924272	0.00924272	0.00924272	0.00924272	0.00924272	0.00924272	0.00924272	0.0754078	0.0754078	0.0754078	0.0754078	0.0754078	0.0754078	0.0754078	0.0754078	0.0754078	0.0754078	0.0754078	0	9	57273.3	146	722174
2B	Multi-Family with 2 - 4 Units	No	No	0	0	0	0	0	0	0	0	0	0	0	0	0	0	0	0	0	0	0	0	0	0	0	0	0	0	0	0	0	0	0	0	0	1	11	101192	11	101192
2B	Multi-Family with 2 - 4 Units	Yes	No	0.00518585	0.00518585	0.00518585	0.00518585	0.00518585	0.00518585	0.00518585	0.00518585	0.00518585	0.00518585	0.00518585	0.0091798	0.0091798	0.0091798	0.0091798	0.0091798	0.0091798	0.0091798	0.0091798	0.0091798	0.0091798	0.0091798	0.0765434	0.0765434	0.0765434	0.0765434	0.0765434	0.0765434	0.0765434	0.0765434	0.0765434	0.0765434	0.0765434	0	3	30417.4	17	155764
2B	Multi-Family with 5+ Units	No	No	0	0	0	0	0	0	0	0	0	0	0	0	0	0	0	0	0	0	0	0	0	0	0	0	0	0	0	0	0	0	0	0	0	1	25	205482	25	205482
2B	Multi-Family with 5+ Units	Yes	No	0.00644427	0.00644427	0.00644427	0.00644427	0.00644427	0.00644427	0.00644427	0.00644427	0.00644427	0.00644427	0.00644427	0.0114074	0.0114074	0.0114074	0.0114074	0.0114074	0.0114074	0.0114074	0.0114074	0.0114074	0.0114074	0.0114074	0.0730574	0.0730574	0.0730574	0.0730574	0.0730574	0.0730574	0.0730574	0.0730574	0.0730574	0.0730574	0.0730574	0	14	125347	14	125347
2B	Single-Family Attached	No	No	0	0	0	0	0	0	0	0	0	0	0	0	0	0	0	0	0	0	0	0	0	0	0	0	0	0	0	0	0	0	0	0	0	1	25	66439.1	25	66439.1
2B	Single-Family Attached	Yes	No	0.0234017	0.0234017	0.0234017	0.0234017	0.0234017	0.0234017	0.0234017	0.0234017	0.0234017	0.0234017	0.0234017	0	0	0	0	0	0	0	0	0	0	0	0.0675074	0.0675074	0.0675074	0.0675074	0.0675074	0.0675074	0.0675074	0.0675074	0.0675074	0.0675074	0.0675074	0	14	37199	14	37199
2B	Single-Family Detached	No	No	0	0	0	0	0	0	0	0	0	0	0	0	0	0	0	0	0	0	0	0	0	0	0	0	0	0	0	0	0	0	0	0	0	1	176	938971	176	938971
2B	Single-Family Detached	Yes	No	0.00581371	0.00581371	0.00581371	0.00581371	0.00581371	0.00581371	0.00581371	0.00581371	0.00581371	0.00581371	0.00581371	0.0106338	0.0106338	0.0106338	0.0106338	0.0106338	0.0106338	0.0106338	0.0106338	0.0106338	0.0106338	0.0106338	0.0744616	0.0744616	0.0744616	0.0744616	0.0744616	0.0744616	0.0744616	0.0744616	0.0744616	0.0744616	0.0744616	0	123	627702	123	627702
2B	Mobile Home	No	Yes	0	0	0	0	0	0	0	0	0	0	0	0	0	0	0	0	0	0	0	0	0	0	0	0	0	0	0	0	0	0	0	0	0	1	3	26773.2	10	72592.2
2B	Mobile Home	Yes	Yes	0.0047348	0.0047348	0.0047348	0.0047348	0.0047348	0.0047348	0.0047348	0.0047348	0.0047348	0.0047348	0.0047348	0.00694068	0.00694068	0.00694068	0.00694068	0.00694068	0.00694068	0.00694068	0.00694068	0.00694068	0.00694068	0.00694068	0.0792336	0.0792336	0.0792336	0.0792336	0.0792336	0.0792336	0.0792336	0.0792336	0.0792336	0.0792336	0.0792336	0	2	13737.7	26	250192
2B	Multi-Family with 2 - 4 Units	No	Yes	0	0	0	0	0	0	0	0	0	0	0	0	0	0	0	0	0	0	0	0	0	0	0	0	0	0	0	0	0	0	0	0	0	1	0	0	20	241475
2B	Multi-Family with 2 - 4 Units	Yes	Yes	0.0035029	0.0035029	0.0035029	0.0035029	0.0035029	0.0035029	0.0035029	0.0035029	0.0035029	0.0035029	0.0035029	0.00320489	0.00320489	0.00320489	0.00320489	0.00320489	0.00320489	0.00320489	0.00320489	0.00320489	0.00320489	0.00320489	0.0842013	0.0842013	0.0842013	0.0842013	0.0842013	0.0842013	0.0842013	0.0842013	0.0842013	0.0842013	0.0842013	0	2	21950.8	39	565167
2B	Multi-Family with 5+ Units	No	Yes	0	0	0	0	0	0	0	0	0	0	0	0	0	0	0	0	0	0	0	0	0	0	0	0	0	0	0	0	0	0	0	0	0	1	6	45059.1	20	241475
2B	Multi-Family with 5+ Units	Yes	Yes	0.0035029	0.0035029	0.0035029	0.0035029	0.0035029	0.0035029	0.0035029	0.0035029	0.0035029	0.0035029	0.0035029	0.00320489	0.00320489	0.00320489	0.00320489	0.00320489	0.00320489	0.00320489	0.00320489	0.00320489	0.00320489	0.00320489	0.0842013	0.0842013	0.0842013	0.0842013	0.0842013	0.0842013	0.0842013	0.0842013	0.0842013	0.0842013	0.0842013	0	2	18593.8	39	565167
2B	Single-Family Attached	No	Yes	0	0	0	0	0	0	0	0	0	0	0	0	0	0	0	0	0	0	0	0	0	0	0	0	0	0	0	0	0	0	0	0	0	1	0	0	10	72592.2
2B	Single-Family Attached	Yes	Yes	0.0047348	0.0047348	0.0047348	0.0047348	0.0047348	0.0047348	0.0047348	0.0047348	0.0047348	0.0047348	0.0047348	0.00694068	0.00694068	0.00694068	0.00694068	0.00694068	0.00694068	0.00694068	0.00694068	0.00694068	0.00694068	0.00694068	0.0792336	0.0792336	0.0792336	0.0792336	0.0792336	0.0792336	0.0792336	0.0792336	0.0792336	0.0792336	0.0792336	0	1	2842.97	26	250192
2B	Single-Family Detached	No	Yes	0	0	0	0	0	0	0	0	0	0	0	0	0	0	0	0	0	0	0	0	0	0	0	0	0	0	0	0	0	0	0	0	0	1	7	45819	10	72592.2
2B	Single-Family Detached	Yes	Yes	0.0047348	0.0047348	0.0047348	0.0047348	0.0047348	0.0047348	0.0047348	0.0047348	0.0047348	0.0047348	0.0047348	0.00694068	0.00694068	0.00694068	0.00694068	0.00694068	0.00694068	0.00694068	0.00694068	0.00694068	0.00694068	0.00694068	0.0792336	0.0792336	0.0792336	0.0792336	0.0792336	0.0792336	0.0792336	0.0792336	0.0792336	0.0792336	0.0792336	0	2	14121.7	26	250192
3A	Mobile Home	No	No	0	0	0	0	0	0	0	0	0	0	0	0	0	0	0	0	0	0	0	0	0	0	0	0	0	0	0	0	0	0	0	0	0	1	114	922612	114	922612
3A	Mobile Home	Yes	No	0.0110011	0.0110011	0.0110011	0.0110011	0.0110011	0.0110011	0.0110011	0.0110011	0.0110011	0.0110011	0.0110011	0.0032878	0.0032878	0.0032878	0.0032878	0.0032878	0.0032878	0.0032878	0.0032878	0.0032878	0.0032878	0.0032878	0.0766201	0.0766201	0.0766201	0.0766201	0.0766201	0.0766201	0.0766201	0.0766201	0.0766201	0.0766201	0.0766201	0	57	418171	57	418171
3A	Multi-Family with 2 - 4 Units	No	No	0	0	0	0	0	0	0	0	0	0	0	0	0	0	0	0	0	0	0	0	0	0	0	0	0	0	0	0	0	0	0	0	0	1	59	456167	59	456167
3A	Multi-Family with 2 - 4 Units	Yes	No	0.00885666	0.00885666	0.00885666	0.00885666	0.00885666	0.00885666	0.00885666	0.00885666	0.00885666	0.00885666	0.00885666	0.0194787	0.0194787	0.0194787	0.0194787	0.0194787	0.0194787	0.0194787	0.0194787	0.0194787	0.0194787	0.0194787	0.0625737	0.0625737	0.0625737	0.0625737	0.0625737	0.0625737	0.0625737	0.0625737	0.0625737	0.0625737	0.0625737	0	24	192280	24	192280
3A	Multi-Family with 5+ Units	No	No	0	0	0	0	0	0	0	0	0	0	0	0	0	0	0	0	0	0	0	0	0	0	0	0	0	0	0	0	0	0	0	0	0	1	92	1.0498e+06	92	1.0498e+06
3A	Multi-Family with 5+ Units	Yes	No	0.01547	0.01547	0.01547	0.01547	0.01547	0.01547	0.01547	0.01547	0.01547	0.01547	0.01547	0.00845023	0.00845023	0.00845023	0.00845023	0.00845023	0.00845023	0.00845023	0.00845023	0.00845023	0.00845023	0.00845023	0.0669889	0.0669889	0.0669889	0.0669889	0.0669889	0.0669889	0.0669889	0.0669889	0.0669889	0.0669889	0.0669889	0	68	801717	68	801717
3A	Single-Family Attached	No	No	0	0	0	0	0	0	0	0	0	0	0	0	0	0	0	0	0	0	0	0	0	0	0	0	0	0	0	0	0	0	0	0	0	1	84	366080	84	366080
3A	Single-Family Attached	Yes	No	0.00342498	0.00342498	0.00342498	0.00342498	0.00342498	0.00342498	0.00342498	0.00342498	0.00342498	0.00342498	0.00342498	0.00944807	0.00944807	0.00944807	0.00944807	0.00944807	0.00944807	0.00944807	0.00944807	0.00944807	0.00944807	0.00944807	0.078036	0.078036	0.078036	0.078036	0.078036	0.078036	0.078036	0.078036	0.078036	0.078036	0.078036	0	57	281386	57	281386
3A	Single-Family Detached	No	No	0	0	0	0	0	0	0	0	0	0	0	0	0	0	0	0	0	0	0	0	0	0	0	0	0	0	0	0	0	0	0	0	0	1	834	5.95898e+06	834	5.95898e+06
3A	Single-Family Detached	Yes	No	0.00866296	0.00866296	0.00866296	0.00866296	0.00866296	0.00866296	0.00866296	0.00866296	0.00866296	0.00866296	0.00866296	0.00955536	0.00955536	0.00955536	0.00955536	0.00955536	0.00955536	0.00955536	0.00955536	0.00955536	0.00955536	0.00955536	0.0726908	0.0726908	0.0726908	0.0726908	0.0726908	0.0726908	0.0726908	0.0726908	0.0726908	0.0726908	0.0726908	0	637	4.3648e+06	637	4.3648e+06
3A	Mobile Home	No	Yes	0	0	0	0	0	0	0	0	0	0	0	0	0	0	0	0	0	0	0	0	0	0	0	0	0	0	0	0	0	0	0	0	0	1	10	81602.2	10	81602.2
3A	Mobile Home	Yes	Yes	0.0300922	0.0300922	0.0300922	0.0300922	0.0300922	0.0300922	0.0300922	0.0300922	0.0300922	0.0300922	0.0300922	0.0142739	0.0142739	0.0142739	0.0142739	0.0142739	0.0142739	0.0142739	0.0142739	0.0142739	0.0142739	0.0142739	0.046543	0.046543	0.046543	0.046543	0.046543	0.046543	0.046543	0.046543	0.046543	0.046543	0.046543	0	13	89192.8	13	89192.8
3A	Multi-Family with 2 - 4 Units	No	Yes	0	0	0	0	0	0	0	0	0	0	0	0	0	0	0	0	0	0	0	0	0	0	0	0	0	0	0	0	0	0	0	0	0	1	7	55843.8	24	242993
3A	Multi-Family with 2 - 4 Units	Yes	Yes	0.0200465	0.0200465	0.0200465	0.0200465	0.0200465	0.0200465	0.0200465	0.0200465	0.0200465	0.0200465	0.0200465	0.0035004	0.0035004	0.0035004	0.0035004	0.0035004	0.0035004	0.0035004	0.0035004	0.0035004	0.0035004	0.0035004	0.0673622	0.0673622	0.0673622	0.0673622	0.0673622	0.0673622	0.0673622	0.0673622	0.0673622	0.0673622	0.0673622	0	5	49851.1	22	257254
3A	Multi-Family with 5+ Units	No	Yes	0	0	0	0	0	0	0	0	0	0	0	0	0	0	0	0	0	0	0	0	0	0	0	0	0	0	0	0	0	0	0	0	0	1	17	187149	17	187149
3A	Multi-Family with 5+ Units	Yes	Yes	0.0195676	0.0195676	0.0195676	0.0195676	0.0195676	0.0195676	0.0195676	0.0195676	0.0195676	0.0195676	0.0195676	0.00434175	0.00434175	0.00434175	0.00434175	0.00434175	0.00434175	0.00434175	0.00434175	0.00434175	0.00434175	0.00434175	0.0669997	0.0669997	0.0669997	0.0669997	0.0669997	0.0669997	0.0669997	0.0669997	0.0669997	0.0669997	0.0669997	0	17	207403	17	207403
3A	Single-Family Attached	No	Yes	0	0	0	0	0	0	0	0	0	0	0	0	0	0	0	0	0	0	0	0	0	0	0	0	0	0	0	0	0	0	0	0	0	1	8	35357	49	344564
3A	Single-Family Attached	Yes	Yes	0.0141822	0.0141822	0.0141822	0.0141822	0.0141822	0.0141822	0.0141822	0.0141822	0.0141822	0.0141822	0.0141822	0.0104683	0.0104683	0.0104683	0.0104683	0.0104683	0.0104683	0.0104683	0.0104683	0.0104683	0.0104683	0.0104683	0.0662586	0.0662586	0.0662586	0.0662586	0.0662586	0.0662586	0.0662586	0.0662586	0.0662586	0.0662586	0.0662586	0	0	0	39	291371
3A	Single-Family Detached	No	Yes	0	0	0	0	0	0	0	0	0	0	0	0	0	0	0	0	0	0	0	0	0	0	0	0	0	0	0	0	0	0	0	0	0	1	31	227605	31	227605
3A	Single-Family Detached	Yes	Yes	0.00716342	0.00716342	0.00716342	0.00716342	0.00716342	0.00716342	0.00716342	0.00716342	0.00716342	0.00716342	0.00716342	0.00878942	0.00878942	0.00878942	0.00878942	0.00878942	0.00878942	0.00878942	0.00878942	0.00878942	0.00878942	0.00878942	0.0749563	0.0749563	0.0749563	0.0749563	0.0749563	0.0749563	0.0749563	0.0749563	0.0749563	0.0749563	0.0749563	0	26	202178	26	202178
3B	Mobile Home	No	No	0	0	0	0	0	0	0	0	0	0	0	0	0	0	0	0	0	0	0	0	0	0	0	0	0	0	0	0	0	0	0	0	0	1	28	287103	28	287103
3B	Mobile Home	Yes	No	0	0	0	0	0	0	0	0	0	0	0	0.0029732	0.0029732	0.0029732	0.0029732	0.0029732	0.0029732	0.0029732	0.0029732	0.0029732	0.0029732	0.0029732	0.0879359	0.0879359	0.0879359	0.0879359	0.0879359	0.0879359	0.0879359	0.0879359	0.0879359	0.0879359	0.0879359	0	19	189707	19	189707
3B	Multi-Family with 2 - 4 Units	No	No	0	0	0	0	0	0	0	0	0	0	0	0	0	0	0	0	0	0	0	0	0	0	0	0	0	0	0	0	0	0	0	0	0	1	35	486504	35	486504
3B	Multi-Family with 2 - 4 Units	Yes	No	0.00474781	0.00474781	0.00474781	0.00474781	0.00474781	0.00474781	0.00474781	0.00474781	0.00474781	0.00474781	0.00474781	0.0148107	0.0148107	0.0148107	0.0148107	0.0148107	0.0148107	0.0148107	0.0148107	0.0148107	0.0148107	0.0148107	0.0713506	0.0713506	0.0713506	0.0713506	0.0713506	0.0713506	0.0713506	0.0713506	0.0713506	0.0713506	0.0713506	0	19	275046	19	275046
3B	Multi-Family with 5+ Units	No	No	0	0	0	0	0	0	0	0	0	0	0	0	0	0	0	0	0	0	0	0	0	0	0	0	0	0	0	0	0	0	0	0	0	1	97	1.40912e+06	97	1.40912e+06
3B	Multi-Family with 5+ Units	Yes	No	0.0140722	0.0140722	0.0140722	0.0140722	0.0140722	0.0140722	0.0140722	0.0140722	0.0140722	0.0140722	0.0140722	0.00103684	0.00103684	0.00103684	0.00103684	0.00103684	0.00103684	0.00103684	0.00103684	0.00103684	0.00103684	0.00103684	0.0758	0.0758	0.0758	0.0758	0.0758	0.0758	0.0758	0.0758	0.0758	0.0758	0.0758	0	54	709504	54	709504
3B	Single-Family Attached	No	No	0	0	0	0	0	0	0	0	0	0	0	0	0	0	0	0	0	0	0	0	0	0	0	0	0	0	0	0	0	0	0	0	0	1	61	398095	61	398095
3B	Single-Family Attached	Yes	No	0.00469055	0.00469055	0.00469055	0.00469055	0.00469055	0.00469055	0.00469055	0.00469055	0.00469055	0.00469055	0.00469055	0.0108259	0.0108259	0.0108259	0.0108259	0.0108259	0.0108259	0.0108259	0.0108259	0.0108259	0.0108259	0.0108259	0.0753927	0.0753927	0.0753927	0.0753927	0.0753927	0.0753927	0.0753927	0.0753927	0.0753927	0.0753927	0.0753927	0	50	307620	50	307620
3B	Single-Family Detached	No	No	0	0	0	0	0	0	0	0	0	0	0	0	0	0	0	0	0	0	0	0	0	0	0	0	0	0	0	0	0	0	0	0	0	1	326	3.09265e+06	326	3.09265e+06
3B	Single-Family Detached	Yes	No	0.0019173	0.0019173	0.0019173	0.0019173	0.0019173	0.0019173	0.0019173	0.0019173	0.0019173	0.0019173	0.0019173	0.00642278	0.00642278	0.00642278	0.00642278	0.00642278	0.00642278	0.00642278	0.00642278	0.00642278	0.00642278	0.00642278	0.082569	0.082569	0.082569	0.082569	0.082569	0.082569	0.082569	0.082569	0.082569	0.082569	0.082569	0	364	3.49318e+06	364	3.49318e+06
3B	Mobile Home	No	Yes	0	0	0	0	0	0	0	0	0	0	0	0	0	0	0	0	0	0	0	0	0	0	0	0	0	0	0	0	0	0	0	0	0	1	3	40492.2	21	220132
3B	Mobile Home	Yes	Yes	0.0053971	0.0053971	0.0053971	0.0053971	0.0053971	0.0053971	0.0053971	0.0053971	0.0053971	0.0053971	0.0053971	0.00673404	0.00673404	0.00673404	0.00673404	0.00673404	0.00673404	0.00673404	0.00673404	0.00673404	0.00673404	0.00673404	0.0787779	0.0787779	0.0787779	0.0787779	0.0787779	0.0787779	0.0787779	0.0787779	0.0787779	0.0787779	0.0787779	0	2	19438.9	21	219490
3B	Multi-Family with 2 - 4 Units	No	Yes	0	0	0	0	0	0	0	0	0	0	0	0	0	0	0	0	0	0	0	0	0	0	0	0	0	0	0	0	0	0	0	0	0	1	5	68628.1	14	196416
3B	Multi-Family with 2 - 4 Units	Yes	Yes	0.00211722	0.00211722	0.00211722	0.00211722	0.00211722	0.00211722	0.00211722	0.00211722	0.00211722	0.00211722	0.00211722	0.00345257	0.00345257	0.00345257	0.00345257	0.00345257	0.00345257	0.00345257	0.00345257	0.00345257	0.00345257	0.00345257	0.0853393	0.0853393	0.0853393	0.0853393	0.0853393	0.0853393	0.0853393	0.0853393	0.0853393	0.0853393	0.0853393	0	5	83088.9	35	524623
3B	Multi-Family with 5+ Units	No	Yes	0	0	0	0	0	0	0	0	0	0	0	0	0	0	0	0	0	0	0	0	0	0	0	0	0	0	0	0	0	0	0	0	0	1	9	127787	14	196416
3B	Multi-Family with 5+ Units	Yes	Yes	0.00251564	0.00251564	0.00251564	0.00251564	0.00251564	0.00251564	0.00251564	0.00251564	0.00251564	0.00251564	0.00251564	0.00410228	0.00410228	0.00410228	0.00410228	0.00410228	0.00410228	0.00410228	0.00410228	0.00410228	0.00410228	0.00410228	0.0842912	0.0842912	0.0842912	0.0842912	0.0842912	0.0842912	0.0842912	0.0842912	0.0842912	0.0842912	0.0842912	0	30	441534	30	441534
3B	Single-Family Attached	No	Yes	0	0	0	0	0	0	0	0	0	0	0	0	0	0	0	0	0	0	0	0	0	0	0	0	0	0	0	0	0	0	0	0	0	1	4	31479.4	21	220132
3B	Single-Family Attached	Yes	Yes	0.0053971	0.0053971	0.0053971	0.0053971	0.0053971	0.0053971	0.0053971	0.0053971	0.0053971	0.0053971	0.0053971	0.00673404	0.00673404	0.00673404	0.00673404	0.00673404	0.00673404	0.00673404	0.00673404	0.00673404	0.00673404	0.00673404	0.0787779	0.0787779	0.0787779	0.0787779	0.0787779	0.0787779	0.0787779	0.0787779	0.0787779	0.0787779	0.0787779	0	6	46022.5	21	219490
3B	Single-Family Detached	No	Yes	0	0	0	0	0	0	0	0	0	0	0	0	0	0	0	0	0	0	0	0	0	0	0	0	0	0	0	0	0	0	0	0	0	1	14	148160	14	148160
3B	Single-Family Detached	Yes	Yes	0.00769084	0.00769084	0.00769084	0.00769084	0.00769084	0.00769084	0.00769084	0.00769084	0.00769084	0.00769084	0.00769084	0.00959598	0.00959598	0.00959598	0.00959598	0.00959598	0.00959598	0.00959598	0.00959598	0.00959598	0.00959598	0.00959598	0.0736223	0.0736223	0.0736223	0.0736223	0.0736223	0.0736223	0.0736223	0.0736223	0.0736223	0.0736223	0.0736223	0	13	154029	13	154029
3C	Mobile Home	No	No	0	0	0	0	0	0	0	0	0	0	0	0	0	0	0	0	0	0	0	0	0	0	0	0	0	0	0	0	0	0	0	0	0	1	2	17919.4	67	618456
3C	Mobile Home	Yes	No	0.00399645	0.00399645	0.00399645	0.00399645	0.00399645	0.00399645	0.00399645	0.00399645	0.00399645	0.00399645	0.00399645	0.00767858	0.00767858	0.00767858	0.00767858	0.00767858	0.00767858	0.00767858	0.00767858	0.00767858	0.00767858	0.00767858	0.0792341	0.0792341	0.0792341	0.0792341	0.0792341	0.0792341	0.0792341	0.0792341	0.0792341	0.0792341	0.0792341	0	3	25900.9	145	1.37584e+06
3C	Multi-Family with 2 - 4 Units	No	No	0	0	0	0	0	0	0	0	0	0	0	0	0	0	0	0	0	0	0	0	0	0	0	0	0	0	0	0	0	0	0	0	0	1	13	189127	13	189127
3C	Multi-Family with 2 - 4 Units	Yes	No	0.00665879	0.00665879	0.00665879	0.00665879	0.00665879	0.00665879	0.00665879	0.00665879	0.00665879	0.00665879	0.00665879	0.0190807	0.0190807	0.0190807	0.0190807	0.0190807	0.0190807	0.0190807	0.0190807	0.0190807	0.0190807	0.0190807	0.0651696	0.0651696	0.0651696	0.0651696	0.0651696	0.0651696	0.0651696	0.0651696	0.0651696	0.0651696	0.0651696	0	5	74083.7	22	310833
3C	Multi-Family with 5+ Units	No	No	0	0	0	0	0	0	0	0	0	0	0	0	0	0	0	0	0	0	0	0	0	0	0	0	0	0	0	0	0	0	0	0	0	1	15	213131	15	213131
3C	Multi-Family with 5+ Units	Yes	No	0	0	0	0	0	0	0	0	0	0	0	0.0250514	0.0250514	0.0250514	0.0250514	0.0250514	0.0250514	0.0250514	0.0250514	0.0250514	0.0250514	0.0250514	0.0658577	0.0658577	0.0658577	0.0658577	0.0658577	0.0658577	0.0658577	0.0658577	0.0658577	0.0658577	0.0658577	0	17	236750	17	236750
3C	Single-Family Attached	No	No	0	0	0	0	0	0	0	0	0	0	0	0	0	0	0	0	0	0	0	0	0	0	0	0	0	0	0	0	0	0	0	0	0	1	15	95731.3	15	95731.3
3C	Single-Family Attached	Yes	No	0.00988438	0.00988438	0.00988438	0.00988438	0.00988438	0.00988438	0.00988438	0.00988438	0.00988438	0.00988438	0.00988438	0.00784716	0.00784716	0.00784716	0.00784716	0.00784716	0.00784716	0.00784716	0.00784716	0.00784716	0.00784716	0.00784716	0.0731776	0.0731776	0.0731776	0.0731776	0.0731776	0.0731776	0.0731776	0.0731776	0.0731776	0.0731776	0.0731776	0	25	167845	25	167845
3C	Single-Family Detached	No	No	0	0	0	0	0	0	0	0	0	0	0	0	0	0	0	0	0	0	0	0	0	0	0	0	0	0	0	0	0	0	0	0	0	1	50	504805	50	504805
3C	Single-Family Detached	Yes	No	0.003248	0.003248	0.003248	0.003248	0.003248	0.003248	0.003248	0.003248	0.003248	0.003248	0.003248	0.00782289	0.00782289	0.00782289	0.00782289	0.00782289	0.00782289	0.00782289	0.00782289	0.00782289	0.00782289	0.00782289	0.0798382	0.0798382	0.0798382	0.0798382	0.0798382	0.0798382	0.0798382	0.0798382	0.0798382	0.0798382	0.0798382	0	117	1.1821e+06	117	1.1821e+06
3C	Mobile Home	No	Yes	0	0	0	0	0	0	0	0	0	0	0	0	0	0	0	0	0	0	0	0	0	0	0	0	0	0	0	0	0	0	0	0	0	1	1	9875.95	15	198023
3C	Mobile Home	Yes	Yes	0	0	0	0	0	0	0	0	0	0	0	0.00696065	0.00696065	0.00696065	0.00696065	0.00696065	0.00696065	0.00696065	0.00696065	0.00696065	0.00696065	0.00696065	0.0839484	0.0839484	0.0839484	0.0839484	0.0839484	0.0839484	0.0839484	0.0839484	0.0839484	0.0839484	0.0839484	0	0	0	12	149034
3C	Multi-Family with 2 - 4 Units	No	Yes	0	0	0	0	0	0	0	0	0	0	0	0	0	0	0	0	0	0	0	0	0	0	0	0	0	0	0	0	0	0	0	0	0	1	1	13032.8	12	162628
3C	Multi-Family with 2 - 4 Units	Yes	Yes	0	0	0	0	0	0	0	0	0	0	0	0.00696065	0.00696065	0.00696065	0.00696065	0.00696065	0.00696065	0.00696065	0.00696065	0.00696065	0.00696065	0.00696065	0.0839484	0.0839484	0.0839484	0.0839484	0.0839484	0.0839484	0.0839484	0.0839484	0.0839484	0.0839484	0.0839484	0	0	0	12	149034
3C	Multi-Family with 5+ Units	No	Yes	0	0	0	0	0	0	0	0	0	0	0	0	0	0	0	0	0	0	0	0	0	0	0	0	0	0	0	0	0	0	0	0	0	1	11	149596	11	149596
3C	Multi-Family with 5+ Units	Yes	Yes	0	0	0	0	0	0	0	0	0	0	0	0.00696065	0.00696065	0.00696065	0.00696065	0.00696065	0.00696065	0.00696065	0.00696065	0.00696065	0.00696065	0.00696065	0.0839484	0.0839484	0.0839484	0.0839484	0.0839484	0.0839484	0.0839484	0.0839484	0.0839484	0.0839484	0.0839484	0	7	96565.4	12	149034
3C	Single-Family Attached	No	Yes	0	0	0	0	0	0	0	0	0	0	0	0	0	0	0	0	0	0	0	0	0	0	0	0	0	0	0	0	0	0	0	0	0	1	0	0	15	198023
3C	Single-Family Attached	Yes	Yes	0	0	0	0	0	0	0	0	0	0	0	0.00696065	0.00696065	0.00696065	0.00696065	0.00696065	0.00696065	0.00696065	0.00696065	0.00696065	0.00696065	0.00696065	0.0839484	0.0839484	0.0839484	0.0839484	0.0839484	0.0839484	0.0839484	0.0839484	0.0839484	0.0839484	0.0839484	0	1	5531.17	12	149034
3C	Single-Family Detached	No	Yes	0	0	0	0	0	0	0	0	0	0	0	0	0	0	0	0	0	0	0	0	0	0	0	0	0	0	0	0	0	0	0	0	0	1	2	25518.4	15	198023
3C	Single-Family Detached	Yes	Yes	0	0	0	0	0	0	0	0	0	0	0	0.00696065	0.00696065	0.00696065	0.00696065	0.00696065	0.00696065	0.00696065	0.00696065	0.00696065	0.00696065	0.00696065	0.0839484	0.0839484	0.0839484	0.0839484	0.0839484	0.0839484	0.0839484	0.0839484	0.0839484	0.0839484	0.0839484	0	4	46937.6	12	149034
4A	Mobile Home	No	No	0	0	0	0	0	0	0	0	0	0	0	0	0	0	0	0	0	0	0	0	0	0	0	0	0	0	0	0	0	0	0	0	0	1	122	800985	122	800985
4A	Mobile Home	Yes	No	0.00836922	0.00836922	0.00836922	0.00836922	0.00836922	0.00836922	0.00836922	0.00836922	0.00836922	0.00836922	0.00836922	0.00647523	0.00647523	0.00647523	0.00647523	0.00647523	0.00647523	0.00647523	0.00647523	0.00647523	0.00647523	0.00647523	0.0760646	0.0760646	0.0760646	0.0760646	0.0760646	0.0760646	0.0760646	0.0760646	0.0760646	0.0760646	0.0760646	0	57	421452	57	421452
4A	Multi-Family with 2 - 4 Units	No	No	0	0	0	0	0	0	0	0	0	0	0	0	0	0	0	0	0	0	0	0	0	0	0	0	0	0	0	0	0	0	0	0	0	1	133	1.21831e+06	133	1.21831e+06
4A	Multi-Family with 2 - 4 Units	Yes	No	0.0173125	0.0173125	0.0173125	0.0173125	0.0173125	0.0173125	0.0173125	0.0173125	0.0173125	0.0173125	0.0173125	0.0158886	0.0158886	0.0158886	0.0158886	0.0158886	0.0158886	0.0158886	0.0158886	0.0158886	0.0158886	0.0158886	0.057708	0.057708	0.057708	0.057708	0.057708	0.057708	0.057708	0.057708	0.057708	0.057708	0.057708	0	92	811623	92	811623
4A	Multi-Family with 5+ Units	No	No	0	0	0	0	0	0	0	0	0	0	0	0	0	0	0	0	0	0	0	0	0	0	0	0	0	0	0	0	0	0	0	0	0	1	361	3.11317e+06	361	3.11317e+06
4A	Multi-Family with 5+ Units	Yes	No	0.00796301	0.00796301	0.00796301	0.00796301	0.00796301	0.00796301	0.00796301	0.00796301	0.00796301	0.00796301	0.00796301	0.00959598	0.00959598	0.00959598	0.00959598	0.00959598	0.00959598	0.00959598	0.00959598	0.00959598	0.00959598	0.00959598	0.0733501	0.0733501	0.0733501	0.0733501	0.0733501	0.0733501	0.0733501	0.0733501	0.0733501	0.0733501	0.0733501	0	214	1.74561e+06	214	1.74561e+06
4A	Single-Family Attached	No	No	0	0	0	0	0	0	0	0	0	0	0	0	0	0	0	0	0	0	0	0	0	0	0	0	0	0	0	0	0	0	0	0	0	1	260	1.19448e+06	260	1.19448e+06
4A	Single-Family Attached	Yes	No	0.0108478	0.0108478	0.0108478	0.0108478	0.0108478	0.0108478	0.0108478	0.0108478	0.0108478	0.0108478	0.0108478	0.0102842	0.0102842	0.0102842	0.0102842	0.0102842	0.0102842	0.0102842	0.0102842	0.0102842	0.0102842	0.0102842	0.0697771	0.0697771	0.0697771	0.0697771	0.0697771	0.0697771	0.0697771	0.0697771	0.0697771	0.0697771	0.0697771	0	218	957411	218	957411
4A	Single-Family Detached	No	No	0	0	0	0	0	0	0	0	0	0	0	0	0	0	0	0	0	0	0	0	0	0	0	0	0	0	0	0	0	0	0	0	0	1	1305	7.78252e+06	1305	7.78252e+06
4A	Single-Family Detached	Yes	No	0.00602836	0.00602836	0.00602836	0.00602836	0.00602836	0.00602836	0.00602836	0.00602836	0.00602836	0.00602836	0.00602836	0.00965994	0.00965994	0.00965994	0.00965994	0.00965994	0.00965994	0.00965994	0.00965994	0.00965994	0.00965994	0.00965994	0.0752208	0.0752208	0.0752208	0.0752208	0.0752208	0.0752208	0.0752208	0.0752208	0.0752208	0.0752208	0.0752208	0	1069	6.45302e+06	1069	6.45302e+06
4A	Mobile Home	No	Yes	0	0	0	0	0	0	0	0	0	0	0	0	0	0	0	0	0	0	0	0	0	0	0	0	0	0	0	0	0	0	0	0	0	1	13	92908.9	13	92908.9
4A	Mobile Home	Yes	Yes	0	0	0	0	0	0	0	0	0	0	0	0.00636802	0.00636802	0.00636802	0.00636802	0.00636802	0.00636802	0.00636802	0.00636802	0.00636802	0.00636802	0.00636802	0.0845411	0.0845411	0.0845411	0.0845411	0.0845411	0.0845411	0.0845411	0.0845411	0.0845411	0.0845411	0.0845411	0	11	59974.9	11	59974.9
4A	Multi-Family with 2 - 4 Units	No	Yes	0	0	0	0	0	0	0	0	0	0	0	0	0	0	0	0	0	0	0	0	0	0	0	0	0	0	0	0	0	0	0	0	0	1	15	149406	15	149406
4A	Multi-Family with 2 - 4 Units	Yes	Yes	0.00807723	0.00807723	0.00807723	0.00807723	0.00807723	0.00807723	0.00807723	0.00807723	0.00807723	0.00807723	0.00807723	0.0308405	0.0308405	0.0308405	0.0308405	0.0308405	0.0308405	0.0308405	0.0308405	0.0308405	0.0308405	0.0308405	0.0519914	0.0519914	0.0519914	0.0519914	0.0519914	0.0519914	0.0519914	0.0519914	0.0519914	0.0519914	0.0519914	0	11	81855.2	11	81855.2
4A	Multi-Family with 5+ Units	No	Yes	0	0	0	0	0	0	0	0	0	0	0	0	0	0	0	0	0	0	0	0	0	0	0	0	0	0	0	0	0	0	0	0	0	1	63	563292	63	563292
4A	Multi-Family with 5+ Units	Yes	Yes	0.00594589	0.00594589	0.00594589	0.00594589	0.00594589	0.00594589	0.00594589	0.00594589	0.00594589	0.00594589	0.00594589	0.00230168	0.00230168	0.00230168	0.00230168	0.00230168	0.00230168	0.00230168	0.00230168	0.00230168	0.00230168	0.00230168	0.0826615	0.0826615	0.0826615	0.0826615	0.0826615	0.0826615	0.0826615	0.0826615	0.0826615	0.0826615	0.0826615	0	51	406731	51	406731
4A	Single-Family Attached	No	Yes	0	0	0	0	0	0	0	0	0	0	0	0	0	0	0	0	0	0	0	0	0	0	0	0	0	0	0	0	0	0	0	0	0	1	16	87161.9	16	87161.9
4A	Single-Family Attached	Yes	Yes	0.00277721	0.00277721	0.00277721	0.00277721	0.00277721	0.00277721	0.00277721	0.00277721	0.00277721	0.00277721	0.00277721	0.0318815	0.0318815	0.0318815	0.0318815	0.0318815	0.0318815	0.0318815	0.0318815	0.0318815	0.0318815	0.0318815	0.0562504	0.0562504	0.0562504	0.0562504	0.0562504	0.0562504	0.0562504	0.0562504	0.0562504	0.0562504	0.0562504	0	12	52947.7	12	52947.7
4A	Single-Family Detached	No	Yes	0	0	0	0	0	0	0	0	0	0	0	0	0	0	0	0	0	0	0	0	0	0	0	0	0	0	0	0	0	0	0	0	0	1	41	262605	41	262605
4A	Single-Family Detached	Yes	Yes	0.010471	0.010471	0.010471	0.010471	0.010471	0.010471	0.010471	0.010471	0.010471	0.010471	0.010471	0.00801518	0.00801518	0.00801518	0.00801518	0.00801518	0.00801518	0.00801518	0.00801518	0.00801518	0.00801518	0.00801518	0.0724229	0.0724229	0.0724229	0.0724229	0.0724229	0.0724229	0.0724229	0.0724229	0.0724229	0.0724229	0.0724229	0	31	164097	31	164097
4B	Mobile Home	No	No	0	0	0	0	0	0	0	0	0	0	0	0	0	0	0	0	0	0	0	0	0	0	0	0	0	0	0	0	0	0	0	0	0	1	7	50804.2	56	352333
4B	Mobile Home	Yes	No	0.00715417	0.00715417	0.00715417	0.00715417	0.00715417	0.00715417	0.00715417	0.00715417	0.00715417	0.00715417	0.00715417	0.0151733	0.0151733	0.0151733	0.0151733	0.0151733	0.0151733	0.0151733	0.0151733	0.0151733	0.0151733	0.0151733	0.0685816	0.0685816	0.0685816	0.0685816	0.0685816	0.0685816	0.0685816	0.0685816	0.0685816	0.0685816	0.0685816	0	6	40617.8	71	401286
4B	Multi-Family with 2 - 4 Units	No	No	0	0	0	0	0	0	0	0	0	0	0	0	0	0	0	0	0	0	0	0	0	0	0	0	0	0	0	0	0	0	0	0	0	1	3	21713.3	60	495624
4B	Multi-Family with 2 - 4 Units	Yes	No	0.00719895	0.00719895	0.00719895	0.00719895	0.00719895	0.00719895	0.00719895	0.00719895	0.00719895	0.00719895	0.00719895	0.0181353	0.0181353	0.0181353	0.0181353	0.0181353	0.0181353	0.0181353	0.0181353	0.0181353	0.0181353	0.0181353	0.0655748	0.0655748	0.0655748	0.0655748	0.0655748	0.0655748	0.0655748	0.0655748	0.0655748	0.0655748	0.0655748	0	4	29999.8	50	369473
4B	Multi-Family with 5+ Units	No	No	0	0	0	0	0	0	0	0	0	0	0	0	0	0	0	0	0	0	0	0	0	0	0	0	0	0	0	0	0	0	0	0	0	1	3	20472.3	60	495624
4B	Multi-Family with 5+ Units	Yes	No	0.00719895	0.00719895	0.00719895	0.00719895	0.00719895	0.00719895	0.00719895	0.00719895	0.00719895	0.00719895	0.00719895	0.0181353	0.0181353	0.0181353	0.0181353	0.0181353	0.0181353	0.0181353	0.0181353	0.0181353	0.0181353	0.0181353	0.0655748	0.0655748	0.0655748	0.0655748	0.0655748	0.0655748	0.0655748	0.0655748	0.0655748	0.0655748	0.0655748	0	4	20608.9	50	369473
4B	Single-Family Attached	No	No	0	0	0	0	0	0	0	0	0	0	0	0	0	0	0	0	0	0	0	0	0	0	0	0	0	0	0	0	0	0	0	0	0	1	2	4506.62	56	352333
4B	Single-Family Attached	Yes	No	0.00715417	0.00715417	0.00715417	0.00715417	0.00715417	0.00715417	0.00715417	0.00715417	0.00715417	0.00715417	0.00715417	0.0151733	0.0151733	0.0151733	0.0151733	0.0151733	0.0151733	0.0151733	0.0151733	0.0151733	0.0151733	0.0151733	0.0685816	0.0685816	0.0685816	0.0685816	0.0685816	0.0685816	0.0685816	0.0685816	0.0685816	0.0685816	0.0685816	0	3	10400.4	71	401286
4B	Single-Family Detached	No	No	0	0	0	0	0	0	0	0	0	0	0	0	0	0	0	0	0	0	0	0	0	0	0	0	0	0	0	0	0	0	0	0	0	1	47	297022	47	297022
4B	Single-Family Detached	Yes	No	0.00819621	0.00819621	0.00819621	0.00819621	0.00819621	0.00819621	0.00819621	0.00819621	0.00819621	0.00819621	0.00819621	0.0161352	0.0161352	0.0161352	0.0161352	0.0161352	0.0161352	0.0161352	0.0161352	0.0161352	0.0161352	0.0161352	0.0665777	0.0665777	0.0665777	0.0665777	0.0665777	0.0665777	0.0665777	0.0665777	0.0665777	0.0665777	0.0665777	0	62	350267	62	350267
4B	Mobile Home	No	Yes	0	0	0	0	0	0	0	0	0	0	0	0	0	0	0	0	0	0	0	0	0	0	0	0	0	0	0	0	0	0	0	0	0	1	1	5318.1	19	75809.3
4B	Mobile Home	Yes	Yes	0.00464316	0.00464316	0.00464316	0.00464316	0.00464316	0.00464316	0.00464316	0.00464316	0.00464316	0.00464316	0.00464316	0.0148788	0.0148788	0.0148788	0.0148788	0.0148788	0.0148788	0.0148788	0.0148788	0.0148788	0.0148788	0.0148788	0.0713871	0.0713871	0.0713871	0.0713871	0.0713871	0.0713871	0.0713871	0.0713871	0.0713871	0.0713871	0.0713871	0	0	0	17	80973.9
4B	Multi-Family with 2 - 4 Units	No	Yes	0	0	0	0	0	0	0	0	0	0	0	0	0	0	0	0	0	0	0	0	0	0	0	0	0	0	0	0	0	0	0	0	0	1	1	15535.4	18	143682
4B	Multi-Family with 2 - 4 Units	Yes	Yes	0.00732525	0.00732525	0.00732525	0.00732525	0.00732525	0.00732525	0.00732525	0.00732525	0.00732525	0.00732525	0.00732525	0.019204	0.019204	0.019204	0.019204	0.019204	0.019204	0.019204	0.019204	0.019204	0.019204	0.019204	0.0643799	0.0643799	0.0643799	0.0643799	0.0643799	0.0643799	0.0643799	0.0643799	0.0643799	0.0643799	0.0643799	0	0	0	21	171171
4B	Multi-Family with 5+ Units	No	Yes	0	0	0	0	0	0	0	0	0	0	0	0	0	0	0	0	0	0	0	0	0	0	0	0	0	0	0	0	0	0	0	0	0	1	0	0	18	143682
4B	Multi-Family with 5+ Units	Yes	Yes	0.00732525	0.00732525	0.00732525	0.00732525	0.00732525	0.00732525	0.00732525	0.00732525	0.00732525	0.00732525	0.00732525	0.019204	0.019204	0.019204	0.019204	0.019204	0.019204	0.019204	0.019204	0.019204	0.019204	0.019204	0.0643799	0.0643799	0.0643799	0.0643799	0.0643799	0.0643799	0.0643799	0.0643799	0.0643799	0.0643799	0.0643799	0	0	0	21	171171
4B	Single-Family Attached	No	Yes	0	0	0	0	0	0	0	0	0	0	0	0	0	0	0	0	0	0	0	0	0	0	0	0	0	0	0	0	0	0	0	0	0	1	0	0	19	75809.3
4B	Single-Family Attached	Yes	Yes	0.00464316	0.00464316	0.00464316	0.00464316	0.00464316	0.00464316	0.00464316	0.00464316	0.00464316	0.00464316	0.00464316	0.0148788	0.0148788	0.0148788	0.0148788	0.0148788	0.0148788	0.0148788	0.0148788	0.0148788	0.0148788	0.0148788	0.0713871	0.0713871	0.0713871	0.0713871	0.0713871	0.0713871	0.0713871	0.0713871	0.0713871	0.0713871	0.0713871	0	0	0	17	80973.9
4B	Single-Family Detached	No	Yes	0	0	0	0	0	0	0	0	0	0	0	0	0	0	0	0	0	0	0	0	0	0	0	0	0	0	0	0	0	0	0	0	0	1	0	0	19	75809.3
4B	Single-Family Detached	Yes	Yes	0.00464316	0.00464316	0.00464316	0.00464316	0.00464316	0.00464316	0.00464316	0.00464316	0.00464316	0.00464316	0.00464316	0.0148788	0.0148788	0.0148788	0.0148788	0.0148788	0.0148788	0.0148788	0.0148788	0.0148788	0.0148788	0.0148788	0.0713871	0.0713871	0.0713871	0.0713871	0.0713871	0.0713871	0.0713871	0.0713871	0.0713871	0.0713871	0.0713871	0	0	0	17	80973.9
4C	Mobile Home	No	No	0	0	0	0	0	0	0	0	0	0	0	0	0	0	0	0	0	0	0	0	0	0	0	0	0	0	0	0	0	0	0	0	0	1	10	61020.2	10	61020.2
4C	Mobile Home	Yes	No	0	0	0	0	0	0	0	0	0	0	0	0.00943984	0.00943984	0.00943984	0.00943984	0.00943984	0.00943984	0.00943984	0.00943984	0.00943984	0.00943984	0.00943984	0.0814693	0.0814693	0.0814693	0.0814693	0.0814693	0.0814693	0.0814693	0.0814693	0.0814693	0.0814693	0.0814693	0	22	130190	22	130190
4C	Multi-Family with 2 - 4 Units	No	No	0	0	0	0	0	0	0	0	0	0	0	0	0	0	0	0	0	0	0	0	0	0	0	0	0	0	0	0	0	0	0	0	0	1	3	24490.4	25	200861
4C	Multi-Family with 2 - 4 Units	Yes	No	0	0	0	0	0	0	0	0	0	0	0	0.0228561	0.0228561	0.0228561	0.0228561	0.0228561	0.0228561	0.0228561	0.0228561	0.0228561	0.0228561	0.0228561	0.068053	0.068053	0.068053	0.068053	0.068053	0.068053	0.068053	0.068053	0.068053	0.068053	0.068053	0	1	5915.25	20	162041
4C	Multi-Family with 5+ Units	No	No	0	0	0	0	0	0	0	0	0	0	0	0	0	0	0	0	0	0	0	0	0	0	0	0	0	0	0	0	0	0	0	0	0	1	22	176370	22	176370
4C	Multi-Family with 5+ Units	Yes	No	0	0	0	0	0	0	0	0	0	0	0	0.0237221	0.0237221	0.0237221	0.0237221	0.0237221	0.0237221	0.0237221	0.0237221	0.0237221	0.0237221	0.0237221	0.067187	0.067187	0.067187	0.067187	0.067187	0.067187	0.067187	0.067187	0.067187	0.067187	0.067187	0	19	156126	19	156126
4C	Single-Family Attached	No	No	0	0	0	0	0	0	0	0	0	0	0	0	0	0	0	0	0	0	0	0	0	0	0	0	0	0	0	0	0	0	0	0	0	1	12	48262.8	12	48262.8
4C	Single-Family Attached	Yes	No	0.00973573	0.00973573	0.00973573	0.00973573	0.00973573	0.00973573	0.00973573	0.00973573	0.00973573	0.00973573	0.00973573	0.0171146	0.0171146	0.0171146	0.0171146	0.0171146	0.0171146	0.0171146	0.0171146	0.0171146	0.0171146	0.0171146	0.0640587	0.0640587	0.0640587	0.0640587	0.0640587	0.0640587	0.0640587	0.0640587	0.0640587	0.0640587	0.0640587	0	11	35649.5	11	35649.5
4C	Single-Family Detached	No	No	0	0	0	0	0	0	0	0	0	0	0	0	0	0	0	0	0	0	0	0	0	0	0	0	0	0	0	0	0	0	0	0	0	1	116	645702	116	645702
4C	Single-Family Detached	Yes	No	0.00172991	0.00172991	0.00172991	0.00172991	0.00172991	0.00172991	0.00172991	0.00172991	0.00172991	0.00172991	0.00172991	0.00933824	0.00933824	0.00933824	0.00933824	0.00933824	0.00933824	0.00933824	0.00933824	0.00933824	0.00933824	0.00933824	0.0798409	0.0798409	0.0798409	0.0798409	0.0798409	0.0798409	0.0798409	0.0798409	0.0798409	0.0798409	0.0798409	0	265	1.4772e+06	265	1.4772e+06
4C	Mobile Home	No	Yes	0	0	0	0	0	0	0	0	0	0	0	0	0	0	0	0	0	0	0	0	0	0	0	0	0	0	0	0	0	0	0	0	0	1	5	41827.8	28	169132
4C	Mobile Home	Yes	Yes	0.0024176	0.0024176	0.0024176	0.0024176	0.0024176	0.0024176	0.0024176	0.0024176	0.0024176	0.0024176	0.0024176	0.0090747	0.0090747	0.0090747	0.0090747	0.0090747	0.0090747	0.0090747	0.0090747	0.0090747	0.0090747	0.0090747	0.0794168	0.0794168	0.0794168	0.0794168	0.0794168	0.0794168	0.0794168	0.0794168	0.0794168	0.0794168	0.0794168	0	9	61731.1	40	236551
4C	Multi-Family with 2 - 4 Units	No	Yes	0	0	0	0	0	0	0	0	0	0	0	0	0	0	0	0	0	0	0	0	0	0	0	0	0	0	0	0	0	0	0	0	0	1	10	102934	10	102934
4C	Multi-Family with 2 - 4 Units	Yes	Yes	0.0100326	0.0100326	0.0100326	0.0100326	0.0100326	0.0100326	0.0100326	0.0100326	0.0100326	0.0100326	0.0100326	0.00837898	0.00837898	0.00837898	0.00837898	0.00837898	0.00837898	0.00837898	0.00837898	0.00837898	0.00837898	0.00837898	0.0724975	0.0724975	0.0724975	0.0724975	0.0724975	0.0724975	0.0724975	0.0724975	0.0724975	0.0724975	0.0724975	0	8	66689.2	43	352206
4C	Multi-Family with 5+ Units	No	Yes	0	0	0	0	0	0	0	0	0	0	0	0	0	0	0	0	0	0	0	0	0	0	0	0	0	0	0	0	0	0	0	0	0	1	31	254024	31	254024
4C	Multi-Family with 5+ Units	Yes	Yes	0.0102745	0.0102745	0.0102745	0.0102745	0.0102745	0.0102745	0.0102745	0.0102745	0.0102745	0.0102745	0.0102745	0.0103361	0.0103361	0.0103361	0.0103361	0.0103361	0.0103361	0.0103361	0.0103361	0.0103361	0.0103361	0.0103361	0.0702985	0.0702985	0.0702985	0.0702985	0.0702985	0.0702985	0.0702985	0.0702985	0.0702985	0.0702985	0.0702985	0	35	285516	35	285516
4C	Single-Family Attached	No	Yes	0	0	0	0	0	0	0	0	0	0	0	0	0	0	0	0	0	0	0	0	0	0	0	0	0	0	0	0	0	0	0	0	0	1	5	17688.6	28	169132
4C	Single-Family Attached	Yes	Yes	0.0024176	0.0024176	0.0024176	0.0024176	0.0024176	0.0024176	0.0024176	0.0024176	0.0024176	0.0024176	0.0024176	0.0090747	0.0090747	0.0090747	0.0090747	0.0090747	0.0090747	0.0090747	0.0090747	0.0090747	0.0090747	0.0090747	0.0794168	0.0794168	0.0794168	0.0794168	0.0794168	0.0794168	0.0794168	0.0794168	0.0794168	0.0794168	0.0794168	0	6	27652.7	40	236551
4C	Single-Family Detached	No	Yes	0	0	0	0	0	0	0	0	0	0	0	0	0	0	0	0	0	0	0	0	0	0	0	0	0	0	0	0	0	0	0	0	0	1	18	109615	18	109615
4C	Single-Family Detached	Yes	Yes	0.00388596	0.00388596	0.00388596	0.00388596	0.00388596	0.00388596	0.00388596	0.00388596	0.00388596	0.00388596	0.00388596	0	0	0	0	0	0	0	0	0	0	0	0.0870231	0.0870231	0.0870231	0.0870231	0.0870231	0.0870231	0.0870231	0.0870231	0.0870231	0.0870231	0.0870231	0	25	147167	25	147167
5A	Mobile Home	No	No	0	0	0	0	0	0	0	0	0	0	0	0	0	0	0	0	0	0	0	0	0	0	0	0	0	0	0	0	0	0	0	0	0	1	64	476244	64	476244
5A	Mobile Home	Yes	No	0.0230392	0.0230392	0.0230392	0.0230392	0.0230392	0.0230392	0.0230392	0.0230392	0.0230392	0.0230392	0.0230392	0.0147955	0.0147955	0.0147955	0.0147955	0.0147955	0.0147955	0.0147955	0.0147955	0.0147955	0.0147955	0.0147955	0.0530744	0.0530744	0.0530744	0.0530744	0.0530744	0.0530744	0.0530744	0.0530744	0.0530744	0.0530744	0.0530744	0	34	242469	34	242469
5A	Multi-Family with 2 - 4 Units	No	No	0	0	0	0	0	0	0	0	0	0	0	0	0	0	0	0	0	0	0	0	0	0	0	0	0	0	0	0	0	0	0	0	0	1	128	1.33225e+06	128	1.33225e+06
5A	Multi-Family with 2 - 4 Units	Yes	No	0.0108057	0.0108057	0.0108057	0.0108057	0.0108057	0.0108057	0.0108057	0.0108057	0.0108057	0.0108057	0.0108057	0.0162104	0.0162104	0.0162104	0.0162104	0.0162104	0.0162104	0.0162104	0.0162104	0.0162104	0.0162104	0.0162104	0.063893	0.063893	0.063893	0.063893	0.063893	0.063893	0.063893	0.063893	0.063893	0.063893	0.063893	0	105	1.09033e+06	105	1.09033e+06
5A	Multi-Family with 5+ Units	No	No	0	0	0	0	0	0	0	0	0	0	0	0	0	0	0	0	0	0	0	0	0	0	0	0	0	0	0	0	0	0	0	0	0	1	211	2.00624e+06	211	2.00624e+06
5A	Multi-Family with 5+ Units	Yes	No	0.00799638	0.00799638	0.00799638	0.00799638	0.00799638	0.00799638	0.00799638	0.00799638	0.00799638	0.00799638	0.00799638	0.0132668	0.0132668	0.0132668	0.0132668	0.0132668	0.0132668	0.0132668	0.0132668	0.0132668	0.0132668	0.0132668	0.0696459	0.0696459	0.0696459	0.0696459	0.0696459	0.0696459	0.0696459	0.0696459	0.0696459	0.0696459	0.0696459	0	146	1.33291e+06	146	1.33291e+06
5A	Single-Family Attached	No	No	0	0	0	0	0	0	0	0	0	0	0	0	0	0	0	0	0	0	0	0	0	0	0	0	0	0	0	0	0	0	0	0	0	1	187	875958	187	875958
5A	Single-Family Attached	Yes	No	0.00694377	0.00694377	0.00694377	0.00694377	0.00694377	0.00694377	0.00694377	0.00694377	0.00694377	0.00694377	0.00694377	0.0119964	0.0119964	0.0119964	0.0119964	0.0119964	0.0119964	0.0119964	0.0119964	0.0119964	0.0119964	0.0119964	0.0719689	0.0719689	0.0719689	0.0719689	0.0719689	0.0719689	0.0719689	0.0719689	0.0719689	0.0719689	0.0719689	0	191	754265	191	754265
5A	Single-Family Detached	No	No	0	0	0	0	0	0	0	0	0	0	0	0	0	0	0	0	0	0	0	0	0	0	0	0	0	0	0	0	0	0	0	0	0	1	1338	9.24983e+06	1338	9.24983e+06
5A	Single-Family Detached	Yes	No	0.00437458	0.00437458	0.00437458	0.00437458	0.00437458	0.00437458	0.00437458	0.00437458	0.00437458	0.00437458	0.00437458	0.010904	0.010904	0.010904	0.010904	0.010904	0.010904	0.010904	0.010904	0.010904	0.010904	0.010904	0.0756305	0.0756305	0.0756305	0.0756305	0.0756305	0.0756305	0.0756305	0.0756305	0.0756305	0.0756305	0.0756305	0	1348	8.38034e+06	1348	8.38034e+06
5A	Mobile Home	No	Yes	0	0	0	0	0	0	0	0	0	0	0	0	0	0	0	0	0	0	0	0	0	0	0	0	0	0	0	0	0	0	0	0	0	1	3	26553.4	58	382513
5A	Mobile Home	Yes	Yes	0.00825492	0.00825492	0.00825492	0.00825492	0.00825492	0.00825492	0.00825492	0.00825492	0.00825492	0.00825492	0.00825492	0.00468041	0.00468041	0.00468041	0.00468041	0.00468041	0.00468041	0.00468041	0.00468041	0.00468041	0.00468041	0.00468041	0.0779738	0.0779738	0.0779738	0.0779738	0.0779738	0.0779738	0.0779738	0.0779738	0.0779738	0.0779738	0.0779738	0	2	14821	38	184453
5A	Multi-Family with 2 - 4 Units	No	Yes	0	0	0	0	0	0	0	0	0	0	0	0	0	0	0	0	0	0	0	0	0	0	0	0	0	0	0	0	0	0	0	0	0	1	21	281504	21	281504
5A	Multi-Family with 2 - 4 Units	Yes	Yes	0.0144343	0.0144343	0.0144343	0.0144343	0.0144343	0.0144343	0.0144343	0.0144343	0.0144343	0.0144343	0.0144343	0.022366	0.022366	0.022366	0.022366	0.022366	0.022366	0.022366	0.022366	0.022366	0.022366	0.022366	0.0541088	0.0541088	0.0541088	0.0541088	0.0541088	0.0541088	0.0541088	0.0541088	0.0541088	0.0541088	0.0541088	0	15	162735	15	162735
5A	Multi-Family with 5+ Units	No	Yes	0	0	0	0	0	0	0	0	0	0	0	0	0	0	0	0	0	0	0	0	0	0	0	0	0	0	0	0	0	0	0	0	0	1	73	683944	73	683944
5A	Multi-Family with 5+ Units	Yes	Yes	0.0138948	0.0138948	0.0138948	0.0138948	0.0138948	0.0138948	0.0138948	0.0138948	0.0138948	0.0138948	0.0138948	0.0136676	0.0136676	0.0136676	0.0136676	0.0136676	0.0136676	0.0136676	0.0136676	0.0136676	0.0136676	0.0136676	0.0633467	0.0633467	0.0633467	0.0633467	0.0633467	0.0633467	0.0633467	0.0633467	0.0633467	0.0633467	0.0633467	0	57	491816	57	491816
5A	Single-Family Attached	No	Yes	0	0	0	0	0	0	0	0	0	0	0	0	0	0	0	0	0	0	0	0	0	0	0	0	0	0	0	0	0	0	0	0	0	1	13	58544.4	13	58544.4
5A	Single-Family Attached	Yes	Yes	0.00825492	0.00825492	0.00825492	0.00825492	0.00825492	0.00825492	0.00825492	0.00825492	0.00825492	0.00825492	0.00825492	0.00468041	0.00468041	0.00468041	0.00468041	0.00468041	0.00468041	0.00468041	0.00468041	0.00468041	0.00468041	0.00468041	0.0779738	0.0779738	0.0779738	0.0779738	0.0779738	0.0779738	0.0779738	0.0779738	0.0779738	0.0779738	0.0779738	0	5	14581.5	38	184453
5A	Single-Family Detached	No	Yes	0	0	0	0	0	0	0	0	0	0	0	0	0	0	0	0	0	0	0	0	0	0	0	0	0	0	0	0	0	0	0	0	0	1	42	297415	42	297415
5A	Single-Family Detached	Yes	Yes	0.00892213	0.00892213	0.00892213	0.00892213	0.00892213	0.00892213	0.00892213	0.00892213	0.00892213	0.00892213	0.00892213	0.00429721	0.00429721	0.00429721	0.00429721	0.00429721	0.00429721	0.00429721	0.00429721	0.00429721	0.00429721	0.00429721	0.0776898	0.0776898	0.0776898	0.0776898	0.0776898	0.0776898	0.0776898	0.0776898	0.0776898	0.0776898	0.0776898	0	31	155051	31	155051
5B	Mobile Home	No	No	0	0	0	0	0	0	0	0	0	0	0	0	0	0	0	0	0	0	0	0	0	0	0	0	0	0	0	0	0	0	0	0	0	1	26	125183	26	125183
5B	Mobile Home	Yes	No	0.00635838	0.00635838	0.00635838	0.00635838	0.00635838	0.00635838	0.00635838	0.00635838	0.00635838	0.00635838	0.00635838	0.00772492	0.00772492	0.00772492	0.00772492	0.00772492	0.00772492	0.00772492	0.00772492	0.00772492	0.00772492	0.00772492	0.0768258	0.0768258	0.0768258	0.0768258	0.0768258	0.0768258	0.0768258	0.0768258	0.0768258	0.0768258	0.0768258	0	31	130789	31	130789
5B	Multi-Family with 2 - 4 Units	No	No	0	0	0	0	0	0	0	0	0	0	0	0	0	0	0	0	0	0	0	0	0	0	0	0	0	0	0	0	0	0	0	0	0	1	9	92107.9	54	453439
5B	Multi-Family with 2 - 4 Units	Yes	No	0.0155528	0.0155528	0.0155528	0.0155528	0.0155528	0.0155528	0.0155528	0.0155528	0.0155528	0.0155528	0.0155528	0.014302	0.014302	0.014302	0.014302	0.014302	0.014302	0.014302	0.014302	0.014302	0.014302	0.014302	0.0610543	0.0610543	0.0610543	0.0610543	0.0610543	0.0610543	0.0610543	0.0610543	0.0610543	0.0610543	0.0610543	0	11	88747.9	11	88747.9
5B	Multi-Family with 5+ Units	No	No	0	0	0	0	0	0	0	0	0	0	0	0	0	0	0	0	0	0	0	0	0	0	0	0	0	0	0	0	0	0	0	0	0	1	45	361331	45	361331
5B	Multi-Family with 5+ Units	Yes	No	0.00556041	0.00556041	0.00556041	0.00556041	0.00556041	0.00556041	0.00556041	0.00556041	0.00556041	0.00556041	0.00556041	0.0166984	0.0166984	0.0166984	0.0166984	0.0166984	0.0166984	0.0166984	0.0166984	0.0166984	0.0166984	0.0166984	0.0686503	0.0686503	0.0686503	0.0686503	0.0686503	0.0686503	0.0686503	0.0686503	0.0686503	0.0686503	0.0686503	0	31	230117	31	230117
5B	Single-Family Attached	No	No	0	0	0	0	0	0	0	0	0	0	0	0	0	0	0	0	0	0	0	0	0	0	0	0	0	0	0	0	0	0	0	0	0	1	34	135840	34	135840
5B	Single-Family Attached	Yes	No	0.00757535	0.00757535	0.00757535	0.00757535	0.00757535	0.00757535	0.00757535	0.00757535	0.00757535	0.00757535	0.00757535	0.00882201	0.00882201	0.00882201	0.00882201	0.00882201	0.00882201	0.00882201	0.00882201	0.00882201	0.00882201	0.00882201	0.0745117	0.0745117	0.0745117	0.0745117	0.0745117	0.0745117	0.0745117	0.0745117	0.0745117	0.0745117	0.0745117	0	37	126979	37	126979
5B	Single-Family Detached	No	No	0	0	0	0	0	0	0	0	0	0	0	0	0	0	0	0	0	0	0	0	0	0	0	0	0	0	0	0	0	0	0	0	0	1	251	1.22096e+06	251	1.22096e+06
5B	Single-Family Detached	Yes	No	0.00267041	0.00267041	0.00267041	0.00267041	0.00267041	0.00267041	0.00267041	0.00267041	0.00267041	0.00267041	0.00267041	0.00669927	0.00669927	0.00669927	0.00669927	0.00669927	0.00669927	0.00669927	0.00669927	0.00669927	0.00669927	0.00669927	0.0815394	0.0815394	0.0815394	0.0815394	0.0815394	0.0815394	0.0815394	0.0815394	0.0815394	0.0815394	0.0815394	0	439	2.05351e+06	439	2.05351e+06
5B	Mobile Home	No	Yes	0	0	0	0	0	0	0	0	0	0	0	0	0	0	0	0	0	0	0	0	0	0	0	0	0	0	0	0	0	0	0	0	0	1	5	18945.2	18	70491.2
5B	Mobile Home	Yes	Yes	0.00464316	0.00464316	0.00464316	0.00464316	0.00464316	0.00464316	0.00464316	0.00464316	0.00464316	0.00464316	0.00464316	0.0148788	0.0148788	0.0148788	0.0148788	0.0148788	0.0148788	0.0148788	0.0148788	0.0148788	0.0148788	0.0148788	0.0713871	0.0713871	0.0713871	0.0713871	0.0713871	0.0713871	0.0713871	0.0713871	0.0713871	0.0713871	0.0713871	0	3	17388.5	17	80973.9
5B	Multi-Family with 2 - 4 Units	No	Yes	0	0	0	0	0	0	0	0	0	0	0	0	0	0	0	0	0	0	0	0	0	0	0	0	0	0	0	0	0	0	0	0	0	1	4	24292.9	17	128147
5B	Multi-Family with 2 - 4 Units	Yes	Yes	0.00732525	0.00732525	0.00732525	0.00732525	0.00732525	0.00732525	0.00732525	0.00732525	0.00732525	0.00732525	0.00732525	0.019204	0.019204	0.019204	0.019204	0.019204	0.019204	0.019204	0.019204	0.019204	0.019204	0.019204	0.0643799	0.0643799	0.0643799	0.0643799	0.0643799	0.0643799	0.0643799	0.0643799	0.0643799	0.0643799	0.0643799	0	3	14510.2	21	171171
5B	Multi-Family with 5+ Units	No	Yes	0	0	0	0	0	0	0	0	0	0	0	0	0	0	0	0	0	0	0	0	0	0	0	0	0	0	0	0	0	0	0	0	0	1	13	103854	13	103854
5B	Multi-Family with 5+ Units	Yes	Yes	0.00800373	0.00800373	0.00800373	0.00800373	0.00800373	0.00800373	0.00800373	0.00800373	0.00800373	0.00800373	0.00800373	0.0182988	0.0182988	0.0182988	0.0182988	0.0182988	0.0182988	0.0182988	0.0182988	0.0182988	0.0182988	0.0182988	0.0646066	0.0646066	0.0646066	0.0646066	0.0646066	0.0646066	0.0646066	0.0646066	0.0646066	0.0646066	0.0646066	0	18	156661	18	156661
5B	Single-Family Attached	No	Yes	0	0	0	0	0	0	0	0	0	0	0	0	0	0	0	0	0	0	0	0	0	0	0	0	0	0	0	0	0	0	0	0	0	1	2	6000.88	18	70491.2
5B	Single-Family Attached	Yes	Yes	0.00464316	0.00464316	0.00464316	0.00464316	0.00464316	0.00464316	0.00464316	0.00464316	0.00464316	0.00464316	0.00464316	0.0148788	0.0148788	0.0148788	0.0148788	0.0148788	0.0148788	0.0148788	0.0148788	0.0148788	0.0148788	0.0148788	0.0713871	0.0713871	0.0713871	0.0713871	0.0713871	0.0713871	0.0713871	0.0713871	0.0713871	0.0713871	0.0713871	0	1	4854.43	17	80973.9
5B	Single-Family Detached	No	Yes	0	0	0	0	0	0	0	0	0	0	0	0	0	0	0	0	0	0	0	0	0	0	0	0	0	0	0	0	0	0	0	0	0	1	11	45545.1	11	45545.1
5B	Single-Family Detached	Yes	Yes	0	0	0	0	0	0	0	0	0	0	0	0	0	0	0	0	0	0	0	0	0	0	0.0909091	0.0909091	0.0909091	0.0909091	0.0909091	0.0909091	0.0909091	0.0909091	0.0909091	0.0909091	0.0909091	0	13	58731	13	58731
6A	Mobile Home	No	No	0	0	0	0	0	0	0	0	0	0	0	0	0	0	0	0	0	0	0	0	0	0	0	0	0	0	0	0	0	0	0	0	0	1	47	207090	47	207090
6A	Mobile Home	Yes	No	0.00489343	0.00489343	0.00489343	0.00489343	0.00489343	0.00489343	0.00489343	0.00489343	0.00489343	0.00489343	0.00489343	0.0079987	0.0079987	0.0079987	0.0079987	0.0079987	0.0079987	0.0079987	0.0079987	0.0079987	0.0079987	0.0079987	0.078017	0.078017	0.078017	0.078017	0.078017	0.078017	0.078017	0.078017	0.078017	0.078017	0.078017	0	36	113713	36	113713
6A	Multi-Family with 2 - 4 Units	No	No	0	0	0	0	0	0	0	0	0	0	0	0	0	0	0	0	0	0	0	0	0	0	0	0	0	0	0	0	0	0	0	0	0	1	37	211869	37	211869
6A	Multi-Family with 2 - 4 Units	Yes	No	0.00831976	0.00831976	0.00831976	0.00831976	0.00831976	0.00831976	0.00831976	0.00831976	0.00831976	0.00831976	0.00831976	0.0194326	0.0194326	0.0194326	0.0194326	0.0194326	0.0194326	0.0194326	0.0194326	0.0194326	0.0194326	0.0194326	0.0631567	0.0631567	0.0631567	0.0631567	0.0631567	0.0631567	0.0631567	0.0631567	0.0631567	0.0631567	0.0631567	0	38	196936	38	196936
6A	Multi-Family with 5+ Units	No	No	0	0	0	0	0	0	0	0	0	0	0	0	0	0	0	0	0	0	0	0	0	0	0	0	0	0	0	0	0	0	0	0	0	1	84	535250	84	535250
6A	Multi-Family with 5+ Units	Yes	No	0.0142768	0.0142768	0.0142768	0.0142768	0.0142768	0.0142768	0.0142768	0.0142768	0.0142768	0.0142768	0.0142768	0.0108082	0.0108082	0.0108082	0.0108082	0.0108082	0.0108082	0.0108082	0.0108082	0.0108082	0.0108082	0.0108082	0.065824	0.065824	0.065824	0.065824	0.065824	0.065824	0.065824	0.065824	0.065824	0.065824	0.065824	0	50	326675	50	326675
6A	Single-Family Attached	No	No	0	0	0	0	0	0	0	0	0	0	0	0	0	0	0	0	0	0	0	0	0	0	0	0	0	0	0	0	0	0	0	0	0	1	76	212302	76	212302
6A	Single-Family Attached	Yes	No	0.000532039	0.000532039	0.000532039	0.000532039	0.000532039	0.000532039	0.000532039	0.000532039	0.000532039	0.000532039	0.000532039	0.00734375	0.00734375	0.00734375	0.00734375	0.00734375	0.00734375	0.00734375	0.00734375	0.00734375	0.00734375	0.00734375	0.0830333	0.0830333	0.0830333	0.0830333	0.0830333	0.0830333	0.0830333	0.0830333	0.0830333	0.0830333	0.0830333	0	47	113432	47	113432
6A	Single-Family Detached	No	No	0	0	0	0	0	0	0	0	0	0	0	0	0	0	0	0	0	0	0	0	0	0	0	0	0	0	0	0	0	0	0	0	0	1	562	2.49594e+06	562	2.49594e+06
6A	Single-Family Detached	Yes	No	0.00391745	0.00391745	0.00391745	0.00391745	0.00391745	0.00391745	0.00391745	0.00391745	0.00391745	0.00391745	0.00391745	0.0130521	0.0130521	0.0130521	0.0130521	0.0130521	0.0130521	0.0130521	0.0130521	0.0130521	0.0130521	0.0130521	0.0739396	0.0739396	0.0739396	0.0739396	0.0739396	0.0739396	0.0739396	0.0739396	0.0739396	0.0739396	0.0739396	0	581	2.47289e+06	581	2.47289e+06
6A	Mobile Home	No	Yes	0	0	0	0	0	0	0	0	0	0	0	0	0	0	0	0	0	0	0	0	0	0	0	0	0	0	0	0	0	0	0	0	0	1	0	0	26	94999.2
6A	Mobile Home	Yes	Yes	0.00438296	0.00438296	0.00438296	0.00438296	0.00438296	0.00438296	0.00438296	0.00438296	0.00438296	0.00438296	0.00438296	0.00973411	0.00973411	0.00973411	0.00973411	0.00973411	0.00973411	0.00973411	0.00973411	0.00973411	0.00973411	0.00973411	0.076792	0.076792	0.076792	0.076792	0.076792	0.076792	0.076792	0.076792	0.076792	0.076792	0.076792	0	0	0	15	58918.9
6A	Multi-Family with 2 - 4 Units	No	Yes	0	0	0	0	0	0	0	0	0	0	0	0	0	0	0	0	0	0	0	0	0	0	0	0	0	0	0	0	0	0	0	0	0	1	10	70837.4	10	70837.4
6A	Multi-Family with 2 - 4 Units	Yes	Yes	0.00736546	0.00736546	0.00736546	0.00736546	0.00736546	0.00736546	0.00736546	0.00736546	0.00736546	0.00736546	0.00736546	0.0119401	0.0119401	0.0119401	0.0119401	0.0119401	0.0119401	0.0119401	0.0119401	0.0119401	0.0119401	0.0119401	0.0716035	0.0716035	0.0716035	0.0716035	0.0716035	0.0716035	0.0716035	0.0716035	0.0716035	0.0716035	0.0716035	0	6	46680.7	21	147686
6A	Multi-Family with 5+ Units	No	Yes	0	0	0	0	0	0	0	0	0	0	0	0	0	0	0	0	0	0	0	0	0	0	0	0	0	0	0	0	0	0	0	0	0	1	24	140604	24	140604
6A	Multi-Family with 5+ Units	Yes	Yes	0.00262353	0.00262353	0.00262353	0.00262353	0.00262353	0.00262353	0.00262353	0.00262353	0.00262353	0.00262353	0.00262353	0.0174583	0.0174583	0.0174583	0.0174583	0.0174583	0.0174583	0.0174583	0.0174583	0.0174583	0.0174583	0.0174583	0.0708272	0.0708272	0.0708272	0.0708272	0.0708272	0.0708272	0.0708272	0.0708272	0.0708272	0.0708272	0.0708272	0	15	101006	15	101006
6A	Single-Family Attached	No	Yes	0	0	0	0	0	0	0	0	0	0	0	0	0	0	0	0	0	0	0	0	0	0	0	0	0	0	0	0	0	0	0	0	0	1	4	4586.06	26	94999.2
6A	Single-Family Attached	Yes	Yes	0.00438296	0.00438296	0.00438296	0.00438296	0.00438296	0.00438296	0.00438296	0.00438296	0.00438296	0.00438296	0.00438296	0.00973411	0.00973411	0.00973411	0.00973411	0.00973411	0.00973411	0.00973411	0.00973411	0.00973411	0.00973411	0.00973411	0.076792	0.076792	0.076792	0.076792	0.076792	0.076792	0.076792	0.076792	0.076792	0.076792	0.076792	0	2	1956.31	15	58918.9
6A	Single-Family Detached	No	Yes	0	0	0	0	0	0	0	0	0	0	0	0	0	0	0	0	0	0	0	0	0	0	0	0	0	0	0	0	0	0	0	0	0	1	22	90413.1	22	90413.1
6A	Single-Family Detached	Yes	Yes	0.00453349	0.00453349	0.00453349	0.00453349	0.00453349	0.00453349	0.00453349	0.00453349	0.00453349	0.00453349	0.00453349	0.0100684	0.0100684	0.0100684	0.0100684	0.0100684	0.0100684	0.0100684	0.0100684	0.0100684	0.0100684	0.0100684	0.0763072	0.0763072	0.0763072	0.0763072	0.0763072	0.0763072	0.0763072	0.0763072	0.0763072	0.0763072	0.0763072	0	13	56962.6	13	56962.6
6B	Mobile Home	No	No	0	0	0	0	0	0	0	0	0	0	0	0	0	0	0	0	0	0	0	0	0	0	0	0	0	0	0	0	0	0	0	0	0	1	19	42460.2	19	42460.2
6B	Mobile Home	Yes	No	0.00191901	0.00191901	0.00191901	0.00191901	0.00191901	0.00191901	0.00191901	0.00191901	0.00191901	0.00191901	0.00191901	0.0140946	0.0140946	0.0140946	0.0140946	0.0140946	0.0140946	0.0140946	0.0140946	0.0140946	0.0140946	0.0140946	0.0748955	0.0748955	0.0748955	0.0748955	0.0748955	0.0748955	0.0748955	0.0748955	0.0748955	0.0748955	0.0748955	0	21	42543.7	21	42543.7
6B	Multi-Family with 2 - 4 Units	No	No	0	0	0	0	0	0	0	0	0	0	0	0	0	0	0	0	0	0	0	0	0	0	0	0	0	0	0	0	0	0	0	0	0	1	7	28599.3	19	79746.8
6B	Multi-Family with 2 - 4 Units	Yes	No	0	0	0	0	0	0	0	0	0	0	0	0.0243741	0.0243741	0.0243741	0.0243741	0.0243741	0.0243741	0.0243741	0.0243741	0.0243741	0.0243741	0.0243741	0.066535	0.066535	0.066535	0.066535	0.066535	0.066535	0.066535	0.066535	0.066535	0.066535	0.066535	0	3	19161	10	39640.9
6B	Multi-Family with 5+ Units	No	No	0	0	0	0	0	0	0	0	0	0	0	0	0	0	0	0	0	0	0	0	0	0	0	0	0	0	0	0	0	0	0	0	0	1	12	51147.5	12	51147.5
6B	Multi-Family with 5+ Units	Yes	No	0	0	0	0	0	0	0	0	0	0	0	0.0243741	0.0243741	0.0243741	0.0243741	0.0243741	0.0243741	0.0243741	0.0243741	0.0243741	0.0243741	0.0243741	0.066535	0.066535	0.066535	0.066535	0.066535	0.066535	0.066535	0.066535	0.066535	0.066535	0.066535	0	7	20479.9	10	39640.9
6B	Single-Family Attached	No	No	0	0	0	0	0	0	0	0	0	0	0	0	0	0	0	0	0	0	0	0	0	0	0	0	0	0	0	0	0	0	0	0	0	1	17	23609.4	17	23609.4
6B	Single-Family Attached	Yes	No	0	0	0	0	0	0	0	0	0	0	0	0.0433822	0.0433822	0.0433822	0.0433822	0.0433822	0.0433822	0.0433822	0.0433822	0.0433822	0.0433822	0.0433822	0.0475269	0.0475269	0.0475269	0.0475269	0.0475269	0.0475269	0.0475269	0.0475269	0.0475269	0.0475269	0.0475269	0	12	25811.8	12	25811.8
6B	Single-Family Detached	No	No	0	0	0	0	0	0	0	0	0	0	0	0	0	0	0	0	0	0	0	0	0	0	0	0	0	0	0	0	0	0	0	0	0	1	138	276915	138	276915
6B	Single-Family Detached	Yes	No	0.0046406	0.0046406	0.0046406	0.0046406	0.0046406	0.0046406	0.0046406	0.0046406	0.0046406	0.0046406	0.0046406	0.0129119	0.0129119	0.0129119	0.0129119	0.0129119	0.0129119	0.0129119	0.0129119	0.0129119	0.0129119	0.0129119	0.0733566	0.0733566	0.0733566	0.0733566	0.0733566	0.0733566	0.0733566	0.0733566	0.0733566	0.0733566	0.0733566	0	171	347000	171	347000
6B	Mobile Home	No	Yes	0	0	0	0	0	0	0	0	0	0	0	0	0	0	0	0	0	0	0	0	0	0	0	0	0	0	0	0	0	0	0	0	0	1	0	0	12	23578.7
6B	Mobile Home	Yes	Yes	0.00835081	0.00835081	0.00835081	0.00835081	0.00835081	0.00835081	0.00835081	0.00835081	0.00835081	0.00835081	0.00835081	0.00792895	0.00792895	0.00792895	0.00792895	0.00792895	0.00792895	0.00792895	0.00792895	0.00792895	0.00792895	0.00792895	0.0746293	0.0746293	0.0746293	0.0746293	0.0746293	0.0746293	0.0746293	0.0746293	0.0746293	0.0746293	0.0746293	0	2	2420.04	13	21648.5
6B	Multi-Family with 2 - 4 Units	No	Yes	0	0	0	0	0	0	0	0	0	0	0	0	0	0	0	0	0	0	0	0	0	0	0	0	0	0	0	0	0	0	0	0	0	1	2	6644.02	11	32292.7
6B	Multi-Family with 2 - 4 Units	Yes	Yes	0.00800713	0.00800713	0.00800713	0.00800713	0.00800713	0.00800713	0.00800713	0.00800713	0.00800713	0.00800713	0.00800713	0.0286068	0.0286068	0.0286068	0.0286068	0.0286068	0.0286068	0.0286068	0.0286068	0.0286068	0.0286068	0.0286068	0.0542952	0.0542952	0.0542952	0.0542952	0.0542952	0.0542952	0.0542952	0.0542952	0.0542952	0.0542952	0.0542952	0	3	13044	20	46262.7
6B	Multi-Family with 5+ Units	No	Yes	0	0	0	0	0	0	0	0	0	0	0	0	0	0	0	0	0	0	0	0	0	0	0	0	0	0	0	0	0	0	0	0	0	1	9	25648.7	11	32292.7
6B	Multi-Family with 5+ Units	Yes	Yes	0.00800713	0.00800713	0.00800713	0.00800713	0.00800713	0.00800713	0.00800713	0.00800713	0.00800713	0.00800713	0.00800713	0.0286068	0.0286068	0.0286068	0.0286068	0.0286068	0.0286068	0.0286068	0.0286068	0.0286068	0.0286068	0.0286068	0.0542952	0.0542952	0.0542952	0.0542952	0.0542952	0.0542952	0.0542952	0.0542952	0.0542952	0.0542952	0.0542952	0	3	10536.8	20	46262.7
6B	Single-Family Attached	No	Yes	0	0	0	0	0	0	0	0	0	0	0	0	0	0	0	0	0	0	0	0	0	0	0	0	0	0	0	0	0	0	0	0	0	1	3	3840.76	12	23578.7
6B	Single-Family Attached	Yes	Yes	0.00835081	0.00835081	0.00835081	0.00835081	0.00835081	0.00835081	0.00835081	0.00835081	0.00835081	0.00835081	0.00835081	0.00792895	0.00792895	0.00792895	0.00792895	0.00792895	0.00792895	0.00792895	0.00792895	0.00792895	0.00792895	0.00792895	0.0746293	0.0746293	0.0746293	0.0746293	0.0746293	0.0746293	0.0746293	0.0746293	0.0746293	0.0746293	0.0746293	0	2	2682.67	13	21648.5
6B	Single-Family Detached	No	Yes	0	0	0	0	0	0	0	0	0	0	0	0	0	0	0	0	0	0	0	0	0	0	0	0	0	0	0	0	0	0	0	0	0	1	9	19738	12	23578.7
6B	Single-Family Detached	Yes	Yes	0.00835081	0.00835081	0.00835081	0.00835081	0.00835081	0.00835081	0.00835081	0.00835081	0.00835081	0.00835081	0.00835081	0.00792895	0.00792895	0.00792895	0.00792895	0.00792895	0.00792895	0.00792895	0.00792895	0.00792895	0.00792895	0.00792895	0.0746293	0.0746293	0.0746293	0.0746293	0.0746293	0.0746293	0.0746293	0.0746293	0.0746293	0.0746293	0.0746293	0	9	16545.8	13	21648.5
7A	Mobile Home	No	No	0	0	0	0	0	0	0	0	0	0	0	0	0	0	0	0	0	0	0	0	0	0	0	0	0	0	0	0	0	0	0	0	0	1	7	23716.5	109	338506
7A	Mobile Home	Yes	No	0.0025571	0.0025571	0.0025571	0.0025571	0.0025571	0.0025571	0.0025571	0.0025571	0.0025571	0.0025571	0.0025571	0.00757722	0.00757722	0.00757722	0.00757722	0.00757722	0.00757722	0.00757722	0.00757722	0.00757722	0.00757722	0.00757722	0.0807748	0.0807748	0.0807748	0.0807748	0.0807748	0.0807748	0.0807748	0.0807748	0.0807748	0.0807748	0.0807748	0	6	7925.77	112	270525
7A	Multi-Family with 2 - 4 Units	No	No	0	0	0	0	0	0	0	0	0	0	0	0	0	0	0	0	0	0	0	0	0	0	0	0	0	0	0	0	0	0	0	0	0	1	7	29641.9	27	90028.4
7A	Multi-Family with 2 - 4 Units	Yes	No	0.00287195	0.00287195	0.00287195	0.00287195	0.00287195	0.00287195	0.00287195	0.00287195	0.00287195	0.00287195	0.00287195	0.00762585	0.00762585	0.00762585	0.00762585	0.00762585	0.00762585	0.00762585	0.00762585	0.00762585	0.00762585	0.00762585	0.0804113	0.0804113	0.0804113	0.0804113	0.0804113	0.0804113	0.0804113	0.0804113	0.0804113	0.0804113	0.0804113	0	2	8449.64	15	36596.3
7A	Multi-Family with 5+ Units	No	No	0	0	0	0	0	0	0	0	0	0	0	0	0	0	0	0	0	0	0	0	0	0	0	0	0	0	0	0	0	0	0	0	0	1	20	60386.5	20	60386.5
7A	Multi-Family with 5+ Units	Yes	No	0.00373411	0.00373411	0.00373411	0.00373411	0.00373411	0.00373411	0.00373411	0.00373411	0.00373411	0.00373411	0.00373411	0.00991513	0.00991513	0.00991513	0.00991513	0.00991513	0.00991513	0.00991513	0.00991513	0.00991513	0.00991513	0.00991513	0.0772598	0.0772598	0.0772598	0.0772598	0.0772598	0.0772598	0.0772598	0.0772598	0.0772598	0.0772598	0.0772598	0	13	28146.7	13	28146.7
7A	Single-Family Attached	No	No	0	0	0	0	0	0	0	0	0	0	0	0	0	0	0	0	0	0	0	0	0	0	0	0	0	0	0	0	0	0	0	0	0	1	12	10428	12	10428
7A	Single-Family Attached	Yes	No	0.00311221	0.00311221	0.00311221	0.00311221	0.00311221	0.00311221	0.00311221	0.00311221	0.00311221	0.00311221	0.00311221	0.0060935	0.0060935	0.0060935	0.0060935	0.0060935	0.0060935	0.0060935	0.0060935	0.0060935	0.0060935	0.0060935	0.0817034	0.0817034	0.0817034	0.0817034	0.0817034	0.0817034	0.0817034	0.0817034	0.0817034	0.0817034	0.0817034	0	14	17157.1	14	17157.1
7A	Single-Family Detached	No	No	0	0	0	0	0	0	0	0	0	0	0	0	0	0	0	0	0	0	0	0	0	0	0	0	0	0	0	0	0	0	0	0	0	1	90	304362	90	304362
7A	Single-Family Detached	Yes	No	0.00260087	0.00260087	0.00260087	0.00260087	0.00260087	0.00260087	0.00260087	0.00260087	0.00260087	0.00260087	0.00260087	0.00720933	0.00720933	0.00720933	0.00720933	0.00720933	0.00720933	0.00720933	0.00720933	0.00720933	0.00720933	0.00720933	0.0810989	0.0810989	0.0810989	0.0810989	0.0810989	0.0810989	0.0810989	0.0810989	0.0810989	0.0810989	0.0810989	0	92	245442	92	245442
7A	Mobile Home	No	Yes	0	0	0	0	0	0	0	0	0	0	0	0	0	0	0	0	0	0	0	0	0	0	0	0	0	0	0	0	0	0	0	0	0	1	0	0	11	14499.3
7A	Mobile Home	Yes	Yes	0.00510818	0.00510818	0.00510818	0.00510818	0.00510818	0.00510818	0.00510818	0.00510818	0.00510818	0.00510818	0.00510818	0.00827545	0.00827545	0.00827545	0.00827545	0.00827545	0.00827545	0.00827545	0.00827545	0.00827545	0.00827545	0.00827545	0.0775255	0.0775255	0.0775255	0.0775255	0.0775255	0.0775255	0.0775255	0.0775255	0.0775255	0.0775255	0.0775255	0	0	0	20	69304.2
7A	Multi-Family with 2 - 4 Units	No	Yes	0	0	0	0	0	0	0	0	0	0	0	0	0	0	0	0	0	0	0	0	0	0	0	0	0	0	0	0	0	0	0	0	0	1	4	15089	19	47223.7
7A	Multi-Family with 2 - 4 Units	Yes	Yes	0	0	0	0	0	0	0	0	0	0	0	0.00723478	0.00723478	0.00723478	0.00723478	0.00723478	0.00723478	0.00723478	0.00723478	0.00723478	0.00723478	0.00723478	0.0836743	0.0836743	0.0836743	0.0836743	0.0836743	0.0836743	0.0836743	0.0836743	0.0836743	0.0836743	0.0836743	0	1	7263.98	10	19835.4
7A	Multi-Family with 5+ Units	No	Yes	0	0	0	0	0	0	0	0	0	0	0	0	0	0	0	0	0	0	0	0	0	0	0	0	0	0	0	0	0	0	0	0	0	1	15	32134.7	15	32134.7
7A	Multi-Family with 5+ Units	Yes	Yes	0	0	0	0	0	0	0	0	0	0	0	0.00723478	0.00723478	0.00723478	0.00723478	0.00723478	0.00723478	0.00723478	0.00723478	0.00723478	0.00723478	0.00723478	0.0836743	0.0836743	0.0836743	0.0836743	0.0836743	0.0836743	0.0836743	0.0836743	0.0836743	0.0836743	0.0836743	0	9	12571.4	10	19835.4
7A	Single-Family Attached	No	Yes	0	0	0	0	0	0	0	0	0	0	0	0	0	0	0	0	0	0	0	0	0	0	0	0	0	0	0	0	0	0	0	0	0	1	4	2470.83	11	14499.3
7A	Single-Family Attached	Yes	Yes	0.00510818	0.00510818	0.00510818	0.00510818	0.00510818	0.00510818	0.00510818	0.00510818	0.00510818	0.00510818	0.00510818	0.00827545	0.00827545	0.00827545	0.00827545	0.00827545	0.00827545	0.00827545	0.00827545	0.00827545	0.00827545	0.00827545	0.0775255	0.0775255	0.0775255	0.0775255	0.0775255	0.0775255	0.0775255	0.0775255	0.0775255	0.0775255	0.0775255	0	0	0	20	69304.2
7A	Single-Family Detached	No	Yes	0	0	0	0	0	0	0	0	0	0	0	0	0	0	0	0	0	0	0	0	0	0	0	0	0	0	0	0	0	0	0	0	0	1	7	12028.5	11	14499.3
7A	Single-Family Detached	Yes	Yes	0.00510818	0.00510818	0.00510818	0.00510818	0.00510818	0.00510818	0.00510818	0.00510818	0.00510818	0.00510818	0.00510818	0.00827545	0.00827545	0.00827545	0.00827545	0.00827545	0.00827545	0.00827545	0.00827545	0.00827545	0.00827545	0.00827545	0.0775255	0.0775255	0.0775255	0.0775255	0.0775255	0.0775255	0.0775255	0.0775255	0.0775255	0.0775255	0.0775255	0	5	10385.3	20	69304.2
7AK	Mobile Home	No	No	0	0	0	0	0	0	0	0	0	0	0	0	0	0	0	0	0	0	0	0	0	0	0	0	0	0	0	0	0	0	0	0	0	1	7	6603.57	99	76070.3
7AK	Mobile Home	Yes	No	0.00256889	0.00256889	0.00256889	0.00256889	0.00256889	0.00256889	0.00256889	0.00256889	0.00256889	0.00256889	0.00256889	0.0126964	0.0126964	0.0126964	0.0126964	0.0126964	0.0126964	0.0126964	0.0126964	0.0126964	0.0126964	0.0126964	0.0756438	0.0756438	0.0756438	0.0756438	0.0756438	0.0756438	0.0756438	0.0756438	0.0756438	0.0756438	0.0756438	0	4	3957.93	104	76541.1
7AK	Multi-Family with 2 - 4 Units	No	No	0	0	0	0	0	0	0	0	0	0	0	0	0	0	0	0	0	0	0	0	0	0	0	0	0	0	0	0	0	0	0	0	0	1	13	14364	13	14364
7AK	Multi-Family with 2 - 4 Units	Yes	No	0.0153984	0.0153984	0.0153984	0.0153984	0.0153984	0.0153984	0.0153984	0.0153984	0.0153984	0.0153984	0.0153984	0.0194365	0.0194365	0.0194365	0.0194365	0.0194365	0.0194365	0.0194365	0.0194365	0.0194365	0.0194365	0.0194365	0.0560742	0.0560742	0.0560742	0.0560742	0.0560742	0.0560742	0.0560742	0.0560742	0.0560742	0.0560742	0.0560742	0	4	4031.47	10	10898.1
7AK	Multi-Family with 5+ Units	No	No	0	0	0	0	0	0	0	0	0	0	0	0	0	0	0	0	0	0	0	0	0	0	0	0	0	0	0	0	0	0	0	0	0	1	12	12586.8	12	12586.8
7AK	Multi-Family with 5+ Units	Yes	No	0.0153984	0.0153984	0.0153984	0.0153984	0.0153984	0.0153984	0.0153984	0.0153984	0.0153984	0.0153984	0.0153984	0.0194365	0.0194365	0.0194365	0.0194365	0.0194365	0.0194365	0.0194365	0.0194365	0.0194365	0.0194365	0.0194365	0.0560742	0.0560742	0.0560742	0.0560742	0.0560742	0.0560742	0.0560742	0.0560742	0.0560742	0.0560742	0.0560742	0	5	5777.73	10	10898.1
7AK	Single-Family Attached	No	No	0	0	0	0	0	0	0	0	0	0	0	0	0	0	0	0	0	0	0	0	0	0	0	0	0	0	0	0	0	0	0	0	0	1	14	7650.96	14	7650.96
7AK	Single-Family Attached	Yes	No	0.00335224	0.00335224	0.00335224	0.00335224	0.00335224	0.00335224	0.00335224	0.00335224	0.00335224	0.00335224	0.00335224	0.0158733	0.0158733	0.0158733	0.0158733	0.0158733	0.0158733	0.0158733	0.0158733	0.0158733	0.0158733	0.0158733	0.0716836	0.0716836	0.0716836	0.0716836	0.0716836	0.0716836	0.0716836	0.0716836	0.0716836	0.0716836	0.0716836	0	24	12937.5	24	12937.5
7AK	Single-Family Detached	No	No	0	0	0	0	0	0	0	0	0	0	0	0	0	0	0	0	0	0	0	0	0	0	0	0	0	0	0	0	0	0	0	0	0	1	78	61815.7	78	61815.7
7AK	Single-Family Detached	Yes	No	0.00114942	0.00114942	0.00114942	0.00114942	0.00114942	0.00114942	0.00114942	0.00114942	0.00114942	0.00114942	0.00114942	0.0128498	0.0128498	0.0128498	0.0128498	0.0128498	0.0128498	0.0128498	0.0128498	0.0128498	0.0128498	0.0128498	0.0769099	0.0769099	0.0769099	0.0769099	0.0769099	0.0769099	0.0769099	0.0769099	0.0769099	0.0769099	0.0769099	0	76	59645.6	76	59645.6
7AK	Mobile Home	No	Yes	0	0	0	0	0	0	0	0	0	0	0	0	0	0	0	0	0	0	0	0	0	0	0	0	0	0	0	0	0	0	0	0	0	1	0	0	20	19846.1
7AK	Mobile Home	Yes	Yes	0.0238084	0.0238084	0.0238084	0.0238084	0.0238084	0.0238084	0.0238084	0.0238084	0.0238084	0.0238084	0.0238084	0	0	0	0	0	0	0	0	0	0	0	0.0671007	0.0671007	0.0671007	0.0671007	0.0671007	0.0671007	0.0671007	0.0671007	0.0671007	0.0671007	0.0671007	0	0	0	4	3449.09
7AK	Multi-Family with 2 - 4 Units	No	Yes	0	0	0	0	0	0	0	0	0	0	0	0	0	0	0	0	0	0	0	0	0	0	0	0	0	0	0	0	0	0	0	0	0	1	3	3291.6	12	13886.5
7AK	Multi-Family with 2 - 4 Units	Yes	Yes	0.0238084	0.0238084	0.0238084	0.0238084	0.0238084	0.0238084	0.0238084	0.0238084	0.0238084	0.0238084	0.0238084	0	0	0	0	0	0	0	0	0	0	0	0.0671007	0.0671007	0.0671007	0.0671007	0.0671007	0.0671007	0.0671007	0.0671007	0.0671007	0.0671007	0.0671007	0	2	1890.55	4	3449.09
7AK	Multi-Family with 5+ Units	No	Yes	0	0	0	0	0	0	0	0	0	0	0	0	0	0	0	0	0	0	0	0	0	0	0	0	0	0	0	0	0	0	0	0	0	1	9	10594.9	12	13886.5
7AK	Multi-Family with 5+ Units	Yes	Yes	0.0238084	0.0238084	0.0238084	0.0238084	0.0238084	0.0238084	0.0238084	0.0238084	0.0238084	0.0238084	0.0238084	0	0	0	0	0	0	0	0	0	0	0	0.0671007	0.0671007	0.0671007	0.0671007	0.0671007	0.0671007	0.0671007	0.0671007	0.0671007	0.0671007	0.0671007	0	1	1078.77	4	3449.09
7AK	Single-Family Attached	No	Yes	0	0	0	0	0	0	0	0	0	0	0	0	0	0	0	0	0	0	0	0	0	0	0	0	0	0	0	0	0	0	0	0	0	1	2	1145.67	20	19846.1
7AK	Single-Family Attached	Yes	Yes	0.0238084	0.0238084	0.0238084	0.0238084	0.0238084	0.0238084	0.0238084	0.0238084	0.0238084	0.0238084	0.0238084	0	0	0	0	0	0	0	0	0	0	0	0.0671007	0.0671007	0.0671007	0.0671007	0.0671007	0.0671007	0.0671007	0.0671007	0.0671007	0.0671007	0.0671007	0	1	479.764	4	3449.09
7AK	Single-Family Detached	No	Yes	0	0	0	0	0	0	0	0	0	0	0	0	0	0	0	0	0	0	0	0	0	0	0	0	0	0	0	0	0	0	0	0	0	1	2	1935	20	19846.1
7AK	Single-Family Detached	Yes	Yes	0.0238084	0.0238084	0.0238084	0.0238084	0.0238084	0.0238084	0.0238084	0.0238084	0.0238084	0.0238084	0.0238084	0	0	0	0	0	0	0	0	0	0	0	0.0671007	0.0671007	0.0671007	0.0671007	0.0671007	0.0671007	0.0671007	0.0671007	0.0671007	0.0671007	0.0671007	0	0	0	4	3449.09
7B	Mobile Home	No	No	0	0	0	0	0	0	0	0	0	0	0	0	0	0	0	0	0	0	0	0	0	0	0	0	0	0	0	0	0	0	0	0	0	1	0	0	176	358002
7B	Mobile Home	Yes	No	0.00405383	0.00405383	0.00405383	0.00405383	0.00405383	0.00405383	0.00405383	0.00405383	0.00405383	0.00405383	0.00405383	0.0148547	0.0148547	0.0148547	0.0148547	0.0148547	0.0148547	0.0148547	0.0148547	0.0148547	0.0148547	0.0148547	0.0720006	0.0720006	0.0720006	0.0720006	0.0720006	0.0720006	0.0720006	0.0720006	0.0720006	0.0720006	0.0720006	0	0	0	206	417366
7B	Multi-Family with 2 - 4 Units	No	No	0	0	0	0	0	0	0	0	0	0	0	0	0	0	0	0	0	0	0	0	0	0	0	0	0	0	0	0	0	0	0	0	0	1	0	0	19	79746.8
7B	Multi-Family with 2 - 4 Units	Yes	No	0.0170322	0.0170322	0.0170322	0.0170322	0.0170322	0.0170322	0.0170322	0.0170322	0.0170322	0.0170322	0.0170322	0.0198075	0.0198075	0.0198075	0.0198075	0.0198075	0.0198075	0.0198075	0.0198075	0.0198075	0.0198075	0.0198075	0.0540693	0.0540693	0.0540693	0.0540693	0.0540693	0.0540693	0.0540693	0.0540693	0.0540693	0.0540693	0.0540693	0	1	9139.16	11	48780.1
7B	Multi-Family with 5+ Units	No	No	0	0	0	0	0	0	0	0	0	0	0	0	0	0	0	0	0	0	0	0	0	0	0	0	0	0	0	0	0	0	0	0	0	1	0	0	19	79746.8
7B	Multi-Family with 5+ Units	Yes	No	0.0170322	0.0170322	0.0170322	0.0170322	0.0170322	0.0170322	0.0170322	0.0170322	0.0170322	0.0170322	0.0170322	0.0198075	0.0198075	0.0198075	0.0198075	0.0198075	0.0198075	0.0198075	0.0198075	0.0198075	0.0198075	0.0198075	0.0540693	0.0540693	0.0540693	0.0540693	0.0540693	0.0540693	0.0540693	0.0540693	0.0540693	0.0540693	0.0540693	0	0	0	11	48780.1
7B	Single-Family Attached	No	No	0	0	0	0	0	0	0	0	0	0	0	0	0	0	0	0	0	0	0	0	0	0	0	0	0	0	0	0	0	0	0	0	0	1	0	0	176	358002
7B	Single-Family Attached	Yes	No	0.00405383	0.00405383	0.00405383	0.00405383	0.00405383	0.00405383	0.00405383	0.00405383	0.00405383	0.00405383	0.00405383	0.0148547	0.0148547	0.0148547	0.0148547	0.0148547	0.0148547	0.0148547	0.0148547	0.0148547	0.0148547	0.0148547	0.0720006	0.0720006	0.0720006	0.0720006	0.0720006	0.0720006	0.0720006	0.0720006	0.0720006	0.0720006	0.0720006	0	1	821.043	206	417366
7B	Single-Family Detached	No	No	0	0	0	0	0	0	0	0	0	0	0	0	0	0	0	0	0	0	0	0	0	0	0	0	0	0	0	0	0	0	0	0	0	1	2	15017.6	176	358002
7B	Single-Family Detached	Yes	No	0.00405383	0.00405383	0.00405383	0.00405383	0.00405383	0.00405383	0.00405383	0.00405383	0.00405383	0.00405383	0.00405383	0.0148547	0.0148547	0.0148547	0.0148547	0.0148547	0.0148547	0.0148547	0.0148547	0.0148547	0.0148547	0.0148547	0.0720006	0.0720006	0.0720006	0.0720006	0.0720006	0.0720006	0.0720006	0.0720006	0.0720006	0.0720006	0.0720006	0	1	1189.1	206	417366
7B	Mobile Home	No	Yes	0	0	0	0	0	0	0	0	0	0	0	0	0	0	0	0	0	0	0	0	0	0	0	0	0	0	0	0	0	0	0	0	0	1	0	0	13	24607.3
7B	Mobile Home	Yes	Yes	0.00797034	0.00797034	0.00797034	0.00797034	0.00797034	0.00797034	0.00797034	0.00797034	0.00797034	0.00797034	0.00797034	0.0075677	0.0075677	0.0075677	0.0075677	0.0075677	0.0075677	0.0075677	0.0075677	0.0075677	0.0075677	0.0075677	0.075371	0.075371	0.075371	0.075371	0.075371	0.075371	0.075371	0.075371	0.075371	0.075371	0.075371	0	0	0	14	22681.9
7B	Multi-Family with 2 - 4 Units	No	Yes	0	0	0	0	0	0	0	0	0	0	0	0	0	0	0	0	0	0	0	0	0	0	0	0	0	0	0	0	0	0	0	0	0	1	0	0	11	32292.7
7B	Multi-Family with 2 - 4 Units	Yes	Yes	0.00800713	0.00800713	0.00800713	0.00800713	0.00800713	0.00800713	0.00800713	0.00800713	0.00800713	0.00800713	0.00800713	0.0286068	0.0286068	0.0286068	0.0286068	0.0286068	0.0286068	0.0286068	0.0286068	0.0286068	0.0286068	0.0286068	0.0542952	0.0542952	0.0542952	0.0542952	0.0542952	0.0542952	0.0542952	0.0542952	0.0542952	0.0542952	0.0542952	0	0	0	20	46262.7
7B	Multi-Family with 5+ Units	No	Yes	0	0	0	0	0	0	0	0	0	0	0	0	0	0	0	0	0	0	0	0	0	0	0	0	0	0	0	0	0	0	0	0	0	1	0	0	11	32292.7
7B	Multi-Family with 5+ Units	Yes	Yes	0.00800713	0.00800713	0.00800713	0.00800713	0.00800713	0.00800713	0.00800713	0.00800713	0.00800713	0.00800713	0.00800713	0.0286068	0.0286068	0.0286068	0.0286068	0.0286068	0.0286068	0.0286068	0.0286068	0.0286068	0.0286068	0.0286068	0.0542952	0.0542952	0.0542952	0.0542952	0.0542952	0.0542952	0.0542952	0.0542952	0.0542952	0.0542952	0.0542952	0	0	0	20	46262.7
7B	Single-Family Attached	No	Yes	0	0	0	0	0	0	0	0	0	0	0	0	0	0	0	0	0	0	0	0	0	0	0	0	0	0	0	0	0	0	0	0	0	1	1	1028.56	13	24607.3
7B	Single-Family Attached	Yes	Yes	0.00797034	0.00797034	0.00797034	0.00797034	0.00797034	0.00797034	0.00797034	0.00797034	0.00797034	0.00797034	0.00797034	0.0075677	0.0075677	0.0075677	0.0075677	0.0075677	0.0075677	0.0075677	0.0075677	0.0075677	0.0075677	0.0075677	0.075371	0.075371	0.075371	0.075371	0.075371	0.075371	0.075371	0.075371	0.075371	0.075371	0.075371	0	0	0	14	22681.9
7B	Single-Family Detached	No	Yes	0	0	0	0	0	0	0	0	0	0	0	0	0	0	0	0	0	0	0	0	0	0	0	0	0	0	0	0	0	0	0	0	0	1	0	0	13	24607.3
7B	Single-Family Detached	Yes	Yes	0.00797034	0.00797034	0.00797034	0.00797034	0.00797034	0.00797034	0.00797034	0.00797034	0.00797034	0.00797034	0.00797034	0.0075677	0.0075677	0.0075677	0.0075677	0.0075677	0.0075677	0.0075677	0.0075677	0.0075677	0.0075677	0.0075677	0.075371	0.075371	0.075371	0.075371	0.075371	0.075371	0.075371	0.075371	0.075371	0.075371	0.075371	0	1	1033.39	14	22681.9
8AK	Mobile Home	No	No	0	0	0	0	0	0	0	0	0	0	0	0	0	0	0	0	0	0	0	0	0	0	0	0	0	0	0	0	0	0	0	0	0	1	1	944.437	26	23137.5
8AK	Mobile Home	Yes	No	0	0	0	0	0	0	0	0	0	0	0	0	0	0	0	0	0	0	0	0	0	0	0.0909091	0.0909091	0.0909091	0.0909091	0.0909091	0.0909091	0.0909091	0.0909091	0.0909091	0.0909091	0.0909091	0	0	0	20	17035.4
8AK	Multi-Family with 2 - 4 Units	No	No	0	0	0	0	0	0	0	0	0	0	0	0	0	0	0	0	0	0	0	0	0	0	0	0	0	0	0	0	0	0	0	0	0	1	1	1078.84	28	30215.4
8AK	Multi-Family with 2 - 4 Units	Yes	No	0.0153984	0.0153984	0.0153984	0.0153984	0.0153984	0.0153984	0.0153984	0.0153984	0.0153984	0.0153984	0.0153984	0.0194365	0.0194365	0.0194365	0.0194365	0.0194365	0.0194365	0.0194365	0.0194365	0.0194365	0.0194365	0.0194365	0.0560742	0.0560742	0.0560742	0.0560742	0.0560742	0.0560742	0.0560742	0.0560742	0.0560742	0.0560742	0.0560742	0	1	1088.91	10	10898.1
8AK	Multi-Family with 5+ Units	No	No	0	0	0	0	0	0	0	0	0	0	0	0	0	0	0	0	0	0	0	0	0	0	0	0	0	0	0	0	0	0	0	0	0	1	2	2185.89	28	30215.4
8AK	Multi-Family with 5+ Units	Yes	No	0.0153984	0.0153984	0.0153984	0.0153984	0.0153984	0.0153984	0.0153984	0.0153984	0.0153984	0.0153984	0.0153984	0.0194365	0.0194365	0.0194365	0.0194365	0.0194365	0.0194365	0.0194365	0.0194365	0.0194365	0.0194365	0.0194365	0.0560742	0.0560742	0.0560742	0.0560742	0.0560742	0.0560742	0.0560742	0.0560742	0.0560742	0.0560742	0.0560742	0	0	0	10	10898.1
8AK	Single-Family Attached	No	No	0	0	0	0	0	0	0	0	0	0	0	0	0	0	0	0	0	0	0	0	0	0	0	0	0	0	0	0	0	0	0	0	0	1	5	3156.59	26	23137.5
8AK	Single-Family Attached	Yes	No	0	0	0	0	0	0	0	0	0	0	0	0	0	0	0	0	0	0	0	0	0	0	0.0909091	0.0909091	0.0909091	0.0909091	0.0909091	0.0909091	0.0909091	0.0909091	0.0909091	0.0909091	0.0909091	0	2	1202.34	20	17035.4
8AK	Single-Family Detached	No	No	0	0	0	0	0	0	0	0	0	0	0	0	0	0	0	0	0	0	0	0	0	0	0	0	0	0	0	0	0	0	0	0	0	1	20	19036.4	20	19036.4
8AK	Single-Family Detached	Yes	No	0	0	0	0	0	0	0	0	0	0	0	0	0	0	0	0	0	0	0	0	0	0	0.0909091	0.0909091	0.0909091	0.0909091	0.0909091	0.0909091	0.0909091	0.0909091	0.0909091	0.0909091	0.0909091	0	18	15833.1	18	15833.1
8AK	Mobile Home	No	Yes	0	0	0	0	0	0	0	0	0	0	0	0	0	0	0	0	0	0	0	0	0	0	0	0	0	0	0	0	0	0	0	0	0	1	0	0	20	19846.1
8AK	Mobile Home	Yes	Yes	0.0238084	0.0238084	0.0238084	0.0238084	0.0238084	0.0238084	0.0238084	0.0238084	0.0238084	0.0238084	0.0238084	0	0	0	0	0	0	0	0	0	0	0	0.0671007	0.0671007	0.0671007	0.0671007	0.0671007	0.0671007	0.0671007	0.0671007	0.0671007	0.0671007	0.0671007	0	0	0	4	3449.09
8AK	Multi-Family with 2 - 4 Units	No	Yes	0	0	0	0	0	0	0	0	0	0	0	0	0	0	0	0	0	0	0	0	0	0	0	0	0	0	0	0	0	0	0	0	0	1	0	0	12	13886.5
8AK	Multi-Family with 2 - 4 Units	Yes	Yes	0.0238084	0.0238084	0.0238084	0.0238084	0.0238084	0.0238084	0.0238084	0.0238084	0.0238084	0.0238084	0.0238084	0	0	0	0	0	0	0	0	0	0	0	0.0671007	0.0671007	0.0671007	0.0671007	0.0671007	0.0671007	0.0671007	0.0671007	0.0671007	0.0671007	0.0671007	0	0	0	4	3449.09
8AK	Multi-Family with 5+ Units	No	Yes	0	0	0	0	0	0	0	0	0	0	0	0	0	0	0	0	0	0	0	0	0	0	0	0	0	0	0	0	0	0	0	0	0	1	0	0	12	13886.5
8AK	Multi-Family with 5+ Units	Yes	Yes	0.0238084	0.0238084	0.0238084	0.0238084	0.0238084	0.0238084	0.0238084	0.0238084	0.0238084	0.0238084	0.0238084	0	0	0	0	0	0	0	0	0	0	0	0.0671007	0.0671007	0.0671007	0.0671007	0.0671007	0.0671007	0.0671007	0.0671007	0.0671007	0.0671007	0.0671007	0	0	0	4	3449.09
8AK	Single-Family Attached	No	Yes	0	0	0	0	0	0	0	0	0	0	0	0	0	0	0	0	0	0	0	0	0	0	0	0	0	0	0	0	0	0	0	0	0	1	3	2016.16	20	19846.1
8AK	Single-Family Attached	Yes	Yes	0.0238084	0.0238084	0.0238084	0.0238084	0.0238084	0.0238084	0.0238084	0.0238084	0.0238084	0.0238084	0.0238084	0	0	0	0	0	0	0	0	0	0	0	0.0671007	0.0671007	0.0671007	0.0671007	0.0671007	0.0671007	0.0671007	0.0671007	0.0671007	0.0671007	0.0671007	0	0	0	4	3449.09
8AK	Single-Family Detached	No	Yes	0	0	0	0	0	0	0	0	0	0	0	0	0	0	0	0	0	0	0	0	0	0	0	0	0	0	0	0	0	0	0	0	0	1	1	862.757	20	19846.1
8AK	Single-Family Detached	Yes	Yes	0.0238084	0.0238084	0.0238084	0.0238084	0.0238084	0.0238084	0.0238084	0.0238084	0.0238084	0.0238084	0.0238084	0	0	0	0	0	0	0	0	0	0	0	0.0671007	0.0671007	0.0671007	0.0671007	0.0671007	0.0671007	0.0671007	0.0671007	0.0671007	0.0671007	0.0671007	0	0	0	4	3449.09
# Created by: sources\recs\recs2020\tsv_maker.py
# Description: The period and offset for the dwelling unit's heating setpoint. Default for the day is from 9am to 5pm and for the night is 10pm to 7am.
# Source: Constructed using U.S. EIA 2020 Residential Energy Consumption Survey (RECS) microdata.
# Assumption: For dependency conditions with low samples, the following lumpings are used in progressive order until there are enough samples: 1) lumping buildings into Single-Family and Multi-Family only,  2) lumping buildings into Single-Family and Multi-Family only and lumping nearby climate zones within  A/B regions and separately 7AK and 8AK 3) lumping all building types together and lumping climate zones within A/B regions and separately 7AK and 8AK