bldg_id,sample_weight
159,3.6875879538418244
309,4.056346749226006
469,20.28173374613003
1151,3.8631873802152437
1244,2.028173374613003
1306,1.4486952675807165
1334,1.8437939769209122
1437,20.28173374613003
1441,20.28173374613003
1450,3.120266730173851
1604,10.140866873065015
2400,2.897390535161433
2814,1.4486952675807165
3142,20.28173374613003
3398,20.28173374613003
3463,2.897390535161433
3605,10.140866873065015
3697,5.070433436532507
4005,2.897390535161433
4048,20.28173374613003
4169,6.760577915376677
4606,2.028173374613003
4613,20.28173374613003
5596,5.070433436532507
5834,3.6875879538418244
5882,20.28173374613003
5901,2.028173374613003
6075,10.140866873065015
6269,5.070433436532507
6569,20.28173374613003
7372,0.7243476337903583
7395,20.28173374613003
7889,0.9657968450538109
8000,20.28173374613003
8123,20.28173374613003
8353,20.28173374613003
8412,2.028173374613003
8624,20.28173374613003
9504,4.056346749226006
9770,3.3802889576883386
10359,20.28173374613003
10938,20.28173374613003
10956,20.28173374613003
11457,10.140866873065015
11482,20.28173374613003
11626,20.28173374613003
11630,20.28173374613003
12009,1.6901444788441693
12622,20.28173374613003
12657,0.6145979923069707
12735,10.140866873065017
12799,20.28173374613003
12861,5.794781070322866
13603,0.6145979923069707
13654,20.28173374613003
13675,1.8437939769209122
13738,20.28173374613003
14157,3.6875879538418244
14162,20.28173374613003
14624,4.056346749226006
14916,0.7800666825434628
15024,20.28173374613003
15317,10.140866873065015
15505,4.056346749226006
15807,3.3802889576883386
16461,1.8437939769209122
16538,1.8437939769209122
16738,20.28173374613003
16743,3.3802889576883386
16788,20.28173374613003
16884,10.140866873065015
16908,1.0140866873065015
17477,3.3802889576883386
17757,10.140866873065015
18937,5.070433436532507
19456,20.28173374613003
19484,5.794781070322866
19772,0.8112693498452013
19799,13.521155830753354
20323,20.28173374613003
20341,8.112693498452012
20628,10.140866873065015
20938,20.28173374613003
21068,20.28173374613003
21304,4.056346749226006
21806,6.760577915376677
22051,1.4486952675807165
22257,1.4486952675807165
22537,6.760577915376677
23179,6.760577915376677
23276,1.4486952675807165
23485,0.6145979923069707
23841,3.6875879538418244
24233,8.112693498452012
24343,0.8112693498452013
24541,1.5601333650869256
24559,20.28173374613003
25099,4.056346749226006
25678,20.28173374613003
25757,0.5965215807685303
26161,20.28173374613003
26235,2.028173374613003
26875,13.521155830753354
27137,6.760577915376677
27291,3.3802889576883386
27305,4.056346749226006
27864,2.897390535161433
28311,20.28173374613003
28346,3.120266730173851
28419,10.140866873065015
28744,20.28173374613003
28851,20.28173374613003
29175,20.28173374613003
29231,13.521155830753354
29233,3.3802889576883386
29254,20.28173374613003
29501,4.269838683395796
29740,20.28173374613003
30004,2.897390535161433
30051,20.28173374613003
30339,20.28173374613003
30683,10.140866873065015
30887,2.028173374613003
30928,3.3802889576883386
31142,4.056346749226006
31359,0.7800666825434628
31710,6.760577915376677
31972,20.28173374613003
32121,10.140866873065015
32123,1.5601333650869256
32348,0.5965215807685303
32677,4.056346749226006
32905,20.28173374613003
32960,20.28173374613003
33587,2.7656909653813684
34009,4.056346749226006
34033,10.140866873065015
34278,20.28173374613003
35116,10.140866873065015
35368,20.28173374613003
35569,6.760577915376677
35583,20.28173374613003
35731,0.5965215807685303
36201,3.6875879538418244
37113,1.8437939769209122
37610,20.28173374613003
37753,1.4486952675807165
38439,8.112693498452012
38473,20.28173374613003
39224,10.140866873065015
39904,20.28173374613003
40070,20.28173374613003
40129,20.28173374613003
40495,20.28173374613003
40622,10.140866873065017
41072,10.140866873065015
41259,2.028173374613003
41395,20.28173374613003
41589,8.6921716054843
41877,10.140866873065015
41922,20.28173374613003
42045,20.28173374613003
42184,20.28173374613003
42770,5.070433436532507
42788,0.7800666825434628
42907,8.112693498452012
43116,20.28173374613003
43572,4.056346749226006
43707,20.28173374613003
44811,4.34608580274215
44981,0.8112693498452013
45025,0.6145979923069707
45283,20.28173374613003
45788,10.140866873065015
45810,20.28173374613003
46833,2.028173374613003
47602,3.3802889576883386
47766,20.28173374613003
47837,1.0140866873065015
47901,5.070433436532507
48187,0.6145979923069707
48218,20.28173374613003
48228,4.507051943584452
48344,20.28173374613003
48672,5.070433436532507
48718,20.28173374613003
48780,0.7800666825434628
48932,20.28173374613003
48980,6.760577915376677
49028,20.28173374613003
49331,8.112693498452012
50071,2.028173374613003
50313,10.140866873065015
50402,20.28173374613003
50719,0.5965215807685303
51102,6.760577915376677
51316,20.28173374613003
51634,16.901444788441694
51689,2.897390535161433
51787,4.269838683395796
51966,2.028173374613003
52156,20.28173374613003
52314,5.070433436532507
53000,20.28173374613003
53168,3.120266730173851
53177,0.9657968450538109
53933,5.070433436532507
54128,0.6145979923069707
54260,20.28173374613003
56354,6.760577915376677
56485,20.28173374613003
56550,3.3802889576883386
56567,10.140866873065015
56912,1.4486952675807165
57006,4.056346749226006
57056,4.056346749226006
57398,3.8631873802152437
57740,6.760577915376677
58170,1.8437939769209122
58512,0.8112693498452013
58601,1.0140866873065015
58751,5.070433436532507
58894,4.056346749226006
59600,20.28173374613003
59941,0.8112693498452013
59954,1.4486952675807165
60042,20.28173374613003
60975,20.28173374613003
61489,0.6145979923069707
61835,3.6875879538418244
61948,10.140866873065015
62051,15.211300309597524
62083,20.28173374613003
62170,20.28173374613003
62214,0.7243476337903583
62732,20.28173374613003
62814,20.28173374613003
63246,0.7800666825434628
63416,2.7656909653813684
64235,0.8112693498452013
64305,10.140866873065015
64510,20.28173374613003
64973,10.140866873065015
65087,0.7243476337903583
65254,3.8631873802152437
66644,4.34608580274215
66816,3.8631873802152437
66954,6.240533460347702
67011,3.8631873802152437
67428,10.140866873065015
67949,3.120266730173851
68277,0.6145979923069707
68440,5.070433436532507
69211,20.28173374613003
69237,20.28173374613003
69354,20.28173374613003
69475,20.28173374613003
69497,20.28173374613003
69711,20.28173374613003
70102,0.8112693498452013
71170,10.140866873065015
71447,4.056346749226006
72556,0.7243476337903583
73225,0.7243476337903583
73268,2.897390535161433
73343,20.28173374613003
73567,20.28173374613003
73846,20.28173374613003
73868,20.28173374613003
74313,2.028173374613003
74318,20.28173374613003
74406,2.028173374613003
75016,10.140866873065015
75394,16.901444788441694
75642,1.8437939769209122
75997,4.056346749226006
76159,3.8631873802152437
76207,0.7243476337903583
76442,1.4486952675807165
76997,20.28173374613003
77559,20.28173374613003
78111,20.28173374613003
78181,20.28173374613003
78191,20.28173374613003
78775,20.28173374613003
80582,20.28173374613003
81223,1.4486952675807165
81782,0.8112693498452013
82187,0.8112693498452013
82272,20.28173374613003
82347,10.140866873065015
82362,0.7800666825434628
82627,0.8112693498452013
82942,0.8112693498452013
82974,1.4486952675807165
83061,20.28173374613003
84749,0.6145979923069707
84837,16.901444788441694
84859,5.070433436532507
84929,10.140866873065015
85725,5.070433436532507
85898,0.5965215807685303
85905,0.8112693498452013
86384,20.28173374613003
86847,10.140866873065015
87264,8.6921716054843
87600,20.28173374613003
88086,20.28173374613003
88423,0.9657968450538109
88436,4.056346749226006
88476,20.28173374613003
89243,5.070433436532507
89452,13.521155830753354
89651,20.28173374613003
90211,2.028173374613003
90666,2.028173374613003
90843,20.28173374613003
90978,6.760577915376677
91143,20.28173374613003
91493,2.897390535161433
92066,20.28173374613003
92313,10.140866873065015
92566,6.760577915376677
92733,2.028173374613003
93050,2.028173374613003
93442,0.7243476337903583
93860,8.6921716054843
95351,10.140866873065015
95472,20.28173374613003
96062,20.28173374613003
96550,8.6921716054843
96729,3.8631873802152437
96951,6.760577915376677
97013,20.28173374613003
97070,1.8437939769209122
97226,20.28173374613003
97330,10.140866873065015
98211,20.28173374613003
98234,1.6901444788441693
98492,3.6875879538418244
98681,20.28173374613003
98711,4.056346749226006
98869,20.28173374613003
99045,20.28173374613003
99277,20.28173374613003
99377,4.056346749226006
100071,20.28173374613003
100078,10.140866873065015
100148,2.897390535161433
100217,20.28173374613003
100255,20.28173374613003
100433,10.140866873065015
100440,20.28173374613003
100717,3.3802889576883386
100877,6.760577915376677
100986,0.5965215807685303
101097,10.140866873065015
101288,20.28173374613003
101507,15.211300309597524
101543,3.6875879538418244
102050,20.28173374613003
102076,4.056346749226006
102172,2.7656909653813684
102364,4.772172646148243
102388,6.760577915376677
102487,20.28173374613003
102642,4.772172646148243
102767,20.28173374613003
102818,15.211300309597524
103063,20.28173374613003
103347,20.28173374613003
103558,20.28173374613003
104009,20.28173374613003
104120,20.28173374613003
104420,4.056346749226006
104567,13.521155830753354
105267,20.28173374613003
105319,6.760577915376677
105465,20.28173374613003
105827,8.112693498452012
105919,2.7656909653813684
105994,20.28173374613003
106356,20.28173374613003
106517,0.9657968450538109
106709,10.140866873065017
106753,1.5601333650869256
107693,3.3802889576883386
107908,4.056346749226006
108322,1.4486952675807165
108500,20.28173374613003
108611,20.28173374613003
108910,1.4486952675807165
108965,2.897390535161433
109933,10.140866873065015
110116,20.28173374613003
110435,3.3802889576883386
112364,20.28173374613003
112528,8.112693498452012
113060,0.9657968450538109
114859,0.8112693498452013
114994,8.112693498452012
115805,20.28173374613003
116386,4.056346749226006
117179,20.28173374613003
117213,10.140866873065015
117433,3.3802889576883386
117545,0.8112693498452013
117666,1.8437939769209122
117766,20.28173374613003
117830,20.28173374613003
117897,20.28173374613003
117983,1.6901444788441693
118442,3.120266730173851
119101,20.28173374613003
119445,20.28173374613003
119609,2.897390535161433
119714,20.28173374613003
119936,3.8631873802152437
120128,20.28173374613003
120216,0.8112693498452013
120564,10.140866873065015
120675,20.28173374613003
121132,20.28173374613003
121634,3.3802889576883386
121702,5.070433436532507
123422,13.521155830753354
123554,20.28173374613003
124070,20.28173374613003
124444,10.140866873065015
124769,4.34608580274215
125192,8.112693498452012
125360,8.450722394220847
125659,0.9657968450538109
126832,20.28173374613003
126881,0.8112693498452013
126903,20.28173374613003
127067,20.28173374613003
127779,1.8437939769209122
127862,20.28173374613003
128681,20.28173374613003
129459,10.140866873065015
129495,20.28173374613003
129582,13.521155830753354
130355,20.28173374613003
130555,1.6901444788441693
130937,6.240533460347702
130977,1.8437939769209122
131016,20.28173374613003
131045,8.450722394220847
131083,20.28173374613003
131122,20.28173374613003
131219,4.056346749226006
131363,4.056346749226006
131531,1.8437939769209122
132231,10.140866873065015
132805,1.4486952675807165
132967,20.28173374613003
133790,4.056346749226006
134894,8.450722394220847
135017,20.28173374613003
135225,20.28173374613003
135328,1.4486952675807165
135992,5.070433436532507
136166,3.120266730173851
136971,20.28173374613003
137239,1.0140866873065015
137590,3.8631873802152437
137640,20.28173374613003
138576,0.8112693498452013
138581,4.507051943584452
138913,6.760577915376677
139114,10.140866873065015
139657,4.056346749226006
139813,20.28173374613003
140094,3.3802889576883386
140153,2.028173374613003
140240,0.5965215807685303
140409,20.28173374613003
140427,20.28173374613003
140714,10.140866873065015
140720,20.28173374613003
141102,1.4486952675807165
141552,1.6901444788441693
141617,20.28173374613003
143028,10.140866873065015
143404,20.28173374613003
143421,20.28173374613003
143569,4.056346749226006
143947,2.028173374613003
144197,20.28173374613003
145531,13.521155830753354
145546,4.056346749226006
145713,4.056346749226006
146901,20.28173374613003
147927,10.140866873065015
147993,3.3802889576883386
148357,0.9657968450538109
148578,6.760577915376677
149034,20.28173374613003
149328,3.6875879538418244
149569,20.28173374613003
149784,0.6145979923069707
150518,10.140866873065015
150669,10.140866873065015
150693,20.28173374613003
150937,10.140866873065015
151118,4.772172646148243
151506,4.056346749226006
151725,6.760577915376677
151904,3.3802889576883386
151961,20.28173374613003
151977,3.6875879538418244
152276,1.0140866873065015
152611,20.28173374613003
153171,20.28173374613003
153504,20.28173374613003
153707,1.8437939769209122
153716,20.28173374613003
154049,10.140866873065015
154109,6.760577915376677
154165,10.140866873065015
154758,20.28173374613003
154960,3.3802889576883386
155123,20.28173374613003
155178,20.28173374613003
155302,5.070433436532507
155447,20.28173374613003
155489,10.140866873065015
155829,2.028173374613003
156017,20.28173374613003
156143,20.28173374613003
156236,20.28173374613003
156349,20.28173374613003
157361,13.521155830753354
158001,1.4486952675807165
158076,4.056346749226006
158128,13.521155830753354
158214,20.28173374613003
159126,4.056346749226006
159495,20.28173374613003
159710,6.760577915376677
159826,20.28173374613003
160056,20.28173374613003
160185,10.140866873065015
160310,0.8112693498452013
160563,20.28173374613003
160796,10.140866873065015
160953,20.28173374613003
161223,20.28173374613003
161350,0.7800666825434628
161877,10.140866873065015
161907,20.28173374613003
162259,3.8631873802152437
163132,20.28173374613003
163292,6.760577915376677
163794,1.8437939769209122
164696,20.28173374613003
164870,20.28173374613003
165056,10.140866873065015
166017,20.28173374613003
166371,10.140866873065015
166428,20.28173374613003
166743,10.140866873065015
166838,20.28173374613003
166913,5.070433436532507
167041,20.28173374613003
167389,4.056346749226006
168038,4.269838683395796
168189,8.112693498452012
168362,10.140866873065015
168790,4.056346749226006
168807,3.3802889576883386
169198,20.28173374613003
169314,20.28173374613003
169468,10.140866873065015
169567,20.28173374613003
169591,20.28173374613003
169741,0.7243476337903583
169817,20.28173374613003
169823,8.112693498452012
170302,4.056346749226006
171145,16.225386996904025
171745,2.7656909653813684
172357,10.140866873065015
173690,2.7656909653813684
173928,20.28173374613003
174408,20.28173374613003
174491,4.34608580274215
174979,8.112693498452012
175553,20.28173374613003
175600,20.28173374613003
175736,1.8437939769209122
176327,20.28173374613003
176472,6.760577915376677
176625,4.507051943584452
176661,20.28173374613003
177239,20.28173374613003
177426,6.760577915376677
177583,20.28173374613003
178439,20.28173374613003
178689,4.056346749226006
178876,0.7243476337903583
179015,20.28173374613003
179139,4.34608580274215
179244,4.056346749226006
179260,20.28173374613003
179302,20.28173374613003
179894,20.28173374613003
179916,0.8112693498452013
179925,10.140866873065015
180327,8.112693498452012
181180,20.28173374613003
181456,20.28173374613003
181767,10.140866873065015
182088,20.28173374613003
182118,20.28173374613003
182867,1.8437939769209122
182871,3.8631873802152437
183064,20.28173374613003
183635,6.760577915376677
183859,6.760577915376677
183890,20.28173374613003
183953,1.0140866873065015
184131,3.3802889576883386
184631,20.28173374613003
184813,20.28173374613003
184859,20.28173374613003
184971,0.5965215807685303
185003,20.28173374613003
185020,20.28173374613003
185459,20.28173374613003
185831,20.28173374613003
185964,6.760577915376677
186135,10.140866873065015
186423,1.4486952675807165
186431,1.4486952675807165
186554,4.269838683395796
187202,20.28173374613003
187324,6.760577915376677
187554,20.28173374613003
187938,20.28173374613003
187941,20.28173374613003
187967,20.28173374613003
188171,20.28173374613003
188524,20.28173374613003
188912,2.897390535161433
189255,8.112693498452012
189570,20.28173374613003
189721,6.760577915376677
189766,6.240533460347702
190654,20.28173374613003
190821,20.28173374613003
191162,20.28173374613003
191399,4.056346749226006
191592,6.760577915376677
191717,6.760577915376677
191813,20.28173374613003
191884,20.28173374613003
191892,20.28173374613003
191910,1.6901444788441693
192387,1.8437939769209122
192486,20.28173374613003
192509,8.112693498452012
192697,2.897390535161433
193516,0.6145979923069707
193743,20.28173374613003
193950,20.28173374613003
193952,3.3802889576883386
194352,20.28173374613003
194545,0.8112693498452013
194618,10.140866873065015
195111,8.450722394220847
195262,0.7800666825434628
195407,6.760577915376677
195431,20.28173374613003
195757,1.0140866873065015
195800,3.120266730173851
196024,20.28173374613003
196336,10.140866873065017
196461,4.056346749226006
196792,1.4486952675807165
196811,20.28173374613003
197525,1.5601333650869256
197708,20.28173374613003
197829,5.070433436532507
198212,20.28173374613003
198457,20.28173374613003
198562,4.056346749226006
198746,0.8112693498452013
198774,0.7243476337903583
198914,16.901444788441694
199149,1.5601333650869256
199345,20.28173374613003
199806,8.112693498452012
200337,0.7800666825434628
200934,4.056346749226006
201273,20.28173374613003
201493,8.112693498452012
201722,4.056346749226006
202038,5.070433436532507
202149,10.140866873065015
202177,20.28173374613003
202688,20.28173374613003
202754,2.897390535161433
202864,10.140866873065015
202893,4.269838683395796
203097,8.112693498452012
204043,6.760577915376677
204199,20.28173374613003
204347,20.28173374613003
204476,6.760577915376677
205375,5.070433436532507
205481,3.3802889576883386
205527,0.7800666825434628
205736,10.140866873065015
206112,8.6921716054843
206226,4.056346749226006
206239,0.7243476337903583
207420,5.070433436532507
207481,4.056346749226006
207729,20.28173374613003
207874,0.7243476337903583
207926,0.9657968450538109
208023,20.28173374613003
208109,4.056346749226006
208267,10.140866873065015
208271,20.28173374613003
208507,20.28173374613003
209195,4.056346749226006
209279,20.28173374613003
209346,20.28173374613003
209563,4.269838683395796
210487,20.28173374613003
211010,2.028173374613003
211201,1.5601333650869256
211630,3.6875879538418244
211639,20.28173374613003
211894,2.028173374613003
211910,10.140866873065015
212140,2.7656909653813684
212184,20.28173374613003
212487,20.28173374613003
212533,10.140866873065015
212598,0.9657968450538109
212604,4.056346749226006
212854,10.140866873065015
212910,16.225386996904025
212994,20.28173374613003
213105,13.521155830753354
213161,10.140866873065015
213853,4.056346749226006
213941,20.28173374613003
213997,1.8437939769209122
214343,1.0140866873065015
214756,10.140866873065017
216242,2.028173374613003
216795,20.28173374613003
216829,6.760577915376677
217001,10.140866873065015
217223,3.6875879538418244
217350,1.4486952675807165
217550,4.056346749226006
217748,20.28173374613003
218007,20.28173374613003
218622,20.28173374613003
219194,1.6901444788441693
219593,4.056346749226006
219699,13.521155830753354
219804,0.7243476337903583
220346,20.28173374613003
220425,1.8437939769209122
220677,8.450722394220847
221008,4.056346749226006
221192,6.240533460347702
221355,4.507051943584452
222005,3.3802889576883386
222123,20.28173374613003
222649,20.28173374613003
222900,4.056346749226006
223444,2.7656909653813684
223963,4.056346749226006
224763,20.28173374613003
224767,1.8437939769209122
224942,6.760577915376677
225050,20.28173374613003
225299,6.760577915376677
225423,10.140866873065015
225568,0.5965215807685303
225948,4.34608580274215
226126,4.056346749226006
226698,20.28173374613003
226742,20.28173374613003
226764,0.7800666825434628
226859,4.056346749226006
227381,20.28173374613003
227434,10.140866873065015
227677,3.3802889576883386
227752,20.28173374613003
228256,1.5601333650869256
228653,3.3802889576883386
228657,1.5601333650869256
228675,1.5601333650869256
229100,20.28173374613003
229335,20.28173374613003
229758,20.28173374613003
230121,10.140866873065015
230422,2.897390535161433
230630,10.140866873065015
230734,10.140866873065015
231008,0.5965215807685303
231038,0.6145979923069707
231208,8.450722394220847
231304,1.8437939769209122
231549,2.028173374613003
232112,1.4486952675807165
232148,3.3802889576883386
233012,0.7243476337903583
233480,10.140866873065015
233647,10.140866873065015
233688,2.028173374613003
233796,8.112693498452012
233861,2.028173374613003
233964,8.6921716054843
234431,20.28173374613003
234617,20.28173374613003
235079,5.794781070322866
235123,20.28173374613003
235435,2.897390535161433
235713,10.140866873065015
236026,20.28173374613003
236089,20.28173374613003
236721,10.140866873065015
236887,5.070433436532507
236972,20.28173374613003
237181,20.28173374613003
237213,16.901444788441694
237365,20.28173374613003
237804,20.28173374613003
238325,15.211300309597524
238408,10.140866873065015
238970,0.5965215807685303
239045,3.120266730173851
239240,8.450722394220847
239835,20.28173374613003
239955,8.112693498452012
240204,4.507051943584452
240620,6.760577915376677
241303,6.760577915376677
241729,10.140866873065015
241940,0.6145979923069707
242012,13.521155830753354
242544,4.056346749226006
243045,20.28173374613003
243193,10.140866873065015
243995,4.056346749226006
244132,0.5965215807685303
244632,20.28173374613003
244827,3.3802889576883386
244928,2.897390535161433
245123,13.521155830753354
245173,1.8437939769209122
245234,20.28173374613003
245554,10.140866873065015
245968,4.772172646148243
246061,1.4486952675807165
246075,0.6145979923069707
246207,20.28173374613003
246318,0.7243476337903583
247096,20.28173374613003
247406,6.760577915376677
248099,20.28173374613003
248496,20.28173374613003
249106,20.28173374613003
249274,8.6921716054843
249894,1.8437939769209122
250184,2.7656909653813684
250271,20.28173374613003
251265,20.28173374613003
251320,6.760577915376677
251488,3.3802889576883386
251503,3.6875879538418244
251577,20.28173374613003
251667,4.34608580274215
252439,1.6901444788441693
252686,13.521155830753354
252744,0.6145979923069707
252778,10.140866873065015
253328,4.772172646148243
253512,3.8631873802152437
253558,20.28173374613003
253672,20.28173374613003
253731,6.760577915376677
254386,10.140866873065015
254436,20.28173374613003
255102,0.9657968450538109
255154,10.140866873065015
255821,10.140866873065015
256560,4.056346749226006
256797,1.8437939769209122
257039,5.070433436532507
257317,20.28173374613003
257523,4.056346749226006
257756,20.28173374613003
257783,20.28173374613003
258032,10.140866873065015
258113,2.028173374613003
258156,6.760577915376677
258371,2.028173374613003
258469,4.269838683395796
258652,20.28173374613003
258866,20.28173374613003
259127,4.772172646148243
259874,10.140866873065015
260058,0.6145979923069707
260611,15.211300309597524
260809,20.28173374613003
260930,10.140866873065015
261907,10.140866873065015
263342,0.5965215807685303
263540,4.056346749226006
264166,20.28173374613003
264469,20.28173374613003
264592,20.28173374613003
264682,20.28173374613003
265256,4.056346749226006
265291,10.140866873065015
265402,4.056346749226006
265614,0.8112693498452013
265794,4.056346749226006
266186,10.140866873065015
266348,3.6875879538418244
266662,20.28173374613003
266720,20.28173374613003
266909,10.140866873065015
267217,20.28173374613003
267764,4.056346749226006
268163,20.28173374613003
268256,3.3802889576883386
269154,3.6875879538418244
269682,20.28173374613003
270012,1.5601333650869256
270255,4.056346749226006
271501,15.211300309597524
271610,10.140866873065015
271698,20.28173374613003
271788,20.28173374613003
272228,20.28173374613003
273739,20.28173374613003
273821,20.28173374613003
274031,1.0140866873065015
274161,20.28173374613003
274352,2.028173374613003
274809,3.6875879538418244
275449,4.056346749226006
275597,0.6145979923069707
276050,6.240533460347702
276960,4.056346749226006
277351,4.056346749226006
278212,1.8437939769209122
278491,20.28173374613003
278720,6.760577915376677
278730,20.28173374613003
278791,1.5601333650869256
278836,4.34608580274215
279016,20.28173374613003
279083,20.28173374613003
279148,6.760577915376677
279400,4.772172646148243
279804,10.140866873065015
279916,20.28173374613003
279989,6.240533460347702
280087,4.507051943584452
280431,4.056346749226006
280606,3.3802889576883386
280780,1.4486952675807165
281253,4.772172646148243
281565,3.3802889576883386
281664,20.28173374613003
281906,1.4486952675807165
281914,4.056346749226006
281976,2.028173374613003
282119,20.28173374613003
282135,0.5965215807685303
282473,20.28173374613003
282511,6.760577915376677
283212,3.8631873802152437
283720,20.28173374613003
283828,1.6901444788441693
283855,10.140866873065015
283886,10.140866873065017
284444,20.28173374613003
285181,1.4486952675807165
285250,20.28173374613003
285432,8.112693498452012
285462,15.211300309597524
285767,10.140866873065015
285771,3.6875879538418244
286020,20.28173374613003
286227,4.056346749226006
286726,20.28173374613003
286859,13.521155830753354
286989,8.112693498452012
287692,20.28173374613003
287889,3.3802889576883386
287993,20.28173374613003
288731,20.28173374613003
289165,0.5965215807685303
289317,0.8112693498452013
289320,20.28173374613003
289383,2.897390535161433
289438,20.28173374613003
289674,3.8631873802152437
290206,5.070433436532507
290330,20.28173374613003
291047,2.7656909653813684
291325,0.5965215807685303
291884,0.6145979923069707
292045,20.28173374613003
292098,20.28173374613003
292127,1.6901444788441693
292648,4.056346749226006
292963,20.28173374613003
293088,20.28173374613003
293249,20.28173374613003
293913,1.5601333650869256
294032,20.28173374613003
294041,3.120266730173851
295697,1.0140866873065015
295908,2.028173374613003
296112,4.056346749226006
296348,10.140866873065015
296509,0.8112693498452013
298730,20.28173374613003
298941,20.28173374613003
299457,20.28173374613003
299908,0.8112693498452013
300078,0.9657968450538109
300107,4.056346749226006
300367,20.28173374613003
300400,10.140866873065015
300575,2.897390535161433
300901,3.3802889576883386
301472,10.140866873065015
301734,20.28173374613003
302158,0.8112693498452013
302199,10.140866873065015
303191,2.897390535161433
303322,8.6921716054843
303459,0.7800666825434628
303713,20.28173374613003
303788,0.6145979923069707
304236,1.5601333650869256
304460,20.28173374613003
304598,20.28173374613003
304981,10.140866873065015
305441,3.3802889576883386
305474,4.34608580274215
305752,20.28173374613003
306227,20.28173374613003
306574,4.269838683395796
307057,1.8437939769209122
307109,16.225386996904025
307682,13.521155830753354
307882,2.028173374613003
308050,3.6875879538418244
308207,20.28173374613003
308402,20.28173374613003
308488,20.28173374613003
308923,0.5965215807685303
309572,20.28173374613003
310375,20.28173374613003
310448,0.8112693498452013
310572,20.28173374613003
310816,0.7243476337903583
310826,0.7800666825434628
310834,10.140866873065015
310873,6.760577915376677
311173,1.8437939769209122
311294,6.760577915376677
311424,20.28173374613003
311569,20.28173374613003
311620,20.28173374613003
311679,0.9657968450538109
311707,20.28173374613003
312040,20.28173374613003
312084,10.140866873065015
312160,0.5965215807685303
312232,3.3802889576883386
312472,6.760577915376677
312652,1.8437939769209122
312720,1.8437939769209122
313357,1.0140866873065015
314171,20.28173374613003
315593,20.28173374613003
316227,20.28173374613003
316758,20.28173374613003
317110,10.140866873065015
317196,20.28173374613003
318257,20.28173374613003
318543,20.28173374613003
318762,5.794781070322866
318915,8.450722394220847
319105,20.28173374613003
319493,20.28173374613003
319842,1.4486952675807165
319880,10.140866873065015
320189,20.28173374613003
320248,20.28173374613003
321130,1.8437939769209122
321543,4.056346749226006
321596,20.28173374613003
321930,8.6921716054843
322264,10.140866873065015
322431,10.140866873065015
322561,2.7656909653813684
323255,20.28173374613003
323619,20.28173374613003
323736,20.28173374613003
324125,6.760577915376677
324243,2.7656909653813684
324792,20.28173374613003
325081,20.28173374613003
325484,10.140866873065015
325534,4.056346749226006
325666,5.070433436532507
326811,10.140866873065015
326979,1.0140866873065015
327001,4.056346749226006
327302,20.28173374613003
327893,20.28173374613003
329619,20.28173374613003
329845,0.7800666825434628
330325,15.211300309597524
330578,20.28173374613003
331005,20.28173374613003
331129,4.056346749226006
331197,6.760577915376677
331244,0.7800666825434628
331577,20.28173374613003
331652,20.28173374613003
332147,20.28173374613003
332175,20.28173374613003
332380,20.28173374613003
332406,10.140866873065015
332609,4.34608580274215
332808,10.140866873065015
333133,20.28173374613003
333213,20.28173374613003
333222,4.056346749226006
333313,8.112693498452012
334106,4.269838683395796
334174,20.28173374613003
334342,10.140866873065015
335191,20.28173374613003
335431,20.28173374613003
335725,3.3802889576883386
336068,2.7656909653813684
336171,4.269838683395796
336853,1.6901444788441693
337091,6.760577915376677
337209,8.450722394220847
337248,10.140866873065015
337346,3.3802889576883386
337429,2.028173374613003
337667,0.6145979923069707
338008,4.056346749226006
338369,10.140866873065015
338391,20.28173374613003
338643,6.760577915376677
338727,0.8112693498452013
338868,1.0140866873065015
339123,16.225386996904025
340392,4.056346749226006
340639,20.28173374613003
341435,6.760577915376677
341450,0.9657968450538109
341671,1.5601333650869256
341892,6.760577915376677
342110,3.3802889576883386
342903,4.056346749226006
343315,10.140866873065015
343505,0.9657968450538109
344282,10.140866873065015
344444,3.3802889576883386
344983,20.28173374613003
345414,3.3802889576883386
345458,20.28173374613003
345612,5.070433436532507
345622,1.5601333650869256
345947,0.7243476337903583
345960,4.507051943584452
346641,20.28173374613003
347045,0.9657968450538109
347248,20.28173374613003
347258,2.028173374613003
347404,4.056346749226006
347419,3.8631873802152437
347432,2.897390535161433
347643,0.5965215807685303
348049,20.28173374613003
348116,20.28173374613003
349102,3.3802889576883386
349199,4.056346749226006
349540,13.521155830753354
349881,4.056346749226006
349883,20.28173374613003
350259,20.28173374613003
350388,20.28173374613003
351278,10.140866873065015
351956,20.28173374613003
352732,0.8112693498452013
352862,20.28173374613003
353150,4.772172646148243
353344,6.760577915376677
353434,20.28173374613003
353471,10.140866873065015
353885,3.8631873802152437
354428,3.3802889576883386
354622,20.28173374613003
355751,15.211300309597524
356025,4.056346749226006
356418,1.4486952675807165
356652,4.056346749226006
356733,5.070433436532507
356821,5.070433436532507
357109,3.120266730173851
357256,4.056346749226006
357484,0.6145979923069707
357672,8.6921716054843
358193,20.28173374613003
358719,1.4486952675807165
359007,20.28173374613003
359741,20.28173374613003
360234,20.28173374613003
360306,10.140866873065015
360623,20.28173374613003
360760,20.28173374613003
360788,1.6901444788441693
360914,20.28173374613003
361401,20.28173374613003
361639,1.4486952675807165
361651,10.140866873065015
361937,1.5601333650869256
362256,4.056346749226006
362890,6.760577915376677
363232,10.140866873065015
363934,4.056346749226006
364103,8.6921716054843
364909,20.28173374613003
365294,20.28173374613003
365367,0.5965215807685303
366051,20.28173374613003
367204,4.056346749226006
367389,6.240533460347702
368054,1.8437939769209122
368165,20.28173374613003
368295,8.112693498452012
368362,20.28173374613003
368503,20.28173374613003
369479,6.240533460347702
369709,2.028173374613003
369814,2.897390535161433
369987,6.760577915376677
370039,10.140866873065015
370148,2.7656909653813684
370708,20.28173374613003
371168,10.140866873065015
371505,1.5601333650869256
371517,1.4486952675807165
371601,0.8112693498452013
371821,2.897390535161433
371843,0.8112693498452013
371920,20.28173374613003
371941,4.34608580274215
372027,10.140866873065017
372813,20.28173374613003
373111,20.28173374613003
373212,4.269838683395796
373287,1.8437939769209122
373346,10.140866873065015
373421,20.28173374613003
373431,16.901444788441694
373473,8.112693498452012
374091,4.056346749226006
374380,20.28173374613003
374472,20.28173374613003
374612,4.772172646148243
374650,20.28173374613003
374721,5.070433436532507
374886,6.760577915376677
375649,2.897390535161433
375707,20.28173374613003
375857,1.6901444788441693
376113,10.140866873065015
377118,20.28173374613003
377588,20.28173374613003
377670,0.5965215807685303
377946,20.28173374613003
378028,2.897390535161433
378043,1.6901444788441693
378825,20.28173374613003
379159,20.28173374613003
379457,20.28173374613003
379785,0.9657968450538109
379993,20.28173374613003
380406,13.521155830753354
380695,20.28173374613003
380715,20.28173374613003
380743,2.897390535161433
380786,2.897390535161433
380848,20.28173374613003
381070,20.28173374613003
381140,1.8437939769209122
381337,0.7800666825434628
381509,8.112693498452012
381929,0.5965215807685303
382099,13.521155830753354
382361,6.760577915376677
382411,10.140866873065015
382481,10.140866873065015
382772,20.28173374613003
383387,6.760577915376677
384005,20.28173374613003
384515,20.28173374613003
384671,20.28173374613003
384691,20.28173374613003
384838,20.28173374613003
385049,4.056346749226006
385317,1.8437939769209122
385685,1.6901444788441693
385776,3.3802889576883386
386112,20.28173374613003
386628,20.28173374613003
386633,10.140866873065015
387661,1.4486952675807165
387863,0.7243476337903583
387870,0.8112693498452013
387903,20.28173374613003
388624,10.140866873065015
389093,15.211300309597524
389402,20.28173374613003
389624,20.28173374613003
390456,2.028173374613003
390855,4.056346749226006
391435,20.28173374613003
391774,20.28173374613003
392051,20.28173374613003
392271,5.794781070322866
392533,20.28173374613003
392555,1.8437939769209122
393219,6.240533460347702
393291,3.3802889576883386
393428,16.225386996904025
394167,2.7656909653813684
394227,8.112693498452012
395026,20.28173374613003
395168,3.6875879538418244
395197,6.760577915376677
395422,5.070433436532507
395694,20.28173374613003
395753,20.28173374613003
396142,20.28173374613003
397651,20.28173374613003
398033,4.056346749226006
398718,20.28173374613003
399042,20.28173374613003
399225,20.28173374613003
399449,20.28173374613003
399614,1.5601333650869256
399962,5.070433436532507
400225,20.28173374613003
400447,6.760577915376677
400699,3.8631873802152437
400700,2.897390535161433
401089,20.28173374613003
401266,4.056346749226006
402239,20.28173374613003
402448,1.5601333650869256
402727,2.7656909653813684
402954,2.897390535161433
402969,20.28173374613003
403085,20.28173374613003
403383,0.7243476337903583
404597,1.6901444788441693
404850,0.9657968450538109
405389,13.521155830753354
405863,0.5965215807685303
406382,0.5965215807685303
406524,20.28173374613003
406639,20.28173374613003
406916,15.211300309597524
407375,2.028173374613003
407535,8.112693498452012
407632,6.240533460347702
407927,20.28173374613003
408237,20.28173374613003
408368,10.140866873065015
409563,20.28173374613003
410622,20.28173374613003
410694,1.4486952675807165
411128,3.8631873802152437
411364,0.7800666825434628
411543,0.5965215807685303
412382,20.28173374613003
412444,20.28173374613003
412477,20.28173374613003
412629,1.6901444788441693
412644,3.3802889576883386
413105,4.056346749226006
413516,5.794781070322866
413655,20.28173374613003
414043,4.269838683395796
414242,10.140866873065015
414244,20.28173374613003
414394,10.140866873065015
414437,20.28173374613003
415243,3.3802889576883386
416124,10.140866873065015
416186,10.140866873065017
416203,20.28173374613003
416204,10.140866873065015
416360,20.28173374613003
416450,20.28173374613003
417266,0.8112693498452013
417322,2.028173374613003
417404,20.28173374613003
418176,6.760577915376677
418552,4.269838683395796
418653,4.056346749226006
418846,10.140866873065015
419024,0.5965215807685303
419159,6.760577915376677
419335,4.772172646148243
419341,20.28173374613003
419959,20.28173374613003
419973,5.070433436532507
420178,1.8437939769209122
420431,20.28173374613003
420476,6.760577915376677
420838,20.28173374613003
421957,20.28173374613003
422153,0.8112693498452013
422662,0.6145979923069707
422817,4.056346749226006
423131,20.28173374613003
423172,5.070433436532507
423268,10.140866873065017
423717,10.140866873065015
423790,10.140866873065015
423815,20.28173374613003
424230,0.6145979923069707
424608,20.28173374613003
424651,20.28173374613003
425227,16.901444788441694
425527,6.760577915376677
425792,20.28173374613003
426044,0.7800666825434628
426058,10.140866873065015
427606,8.6921716054843
427741,0.6145979923069707
427840,0.6145979923069707
428056,2.897390535161433
428090,1.6901444788441693
428862,20.28173374613003
428987,10.140866873065015
428997,1.5601333650869256
429249,2.7656909653813684
429283,4.056346749226006
429721,10.140866873065015
429842,2.897390535161433
430153,15.211300309597524
430571,0.7243476337903583
430792,8.450722394220847
431096,2.028173374613003
431182,5.070433436532507
431642,6.240533460347702
431649,4.056346749226006
432235,10.140866873065015
432297,20.28173374613003
432743,6.760577915376677
433327,4.269838683395796
433585,20.28173374613003
434311,20.28173374613003
435217,0.9657968450538109
435862,10.140866873065015
435924,20.28173374613003
436202,10.140866873065017
436738,20.28173374613003
436796,10.140866873065015
436799,15.211300309597524
437099,10.140866873065015
437539,1.5601333650869256
437779,10.140866873065015
437943,6.760577915376677
437959,6.760577915376677
438001,10.140866873065015
438182,2.897390535161433
438605,5.070433436532507
438794,16.901444788441694
439097,2.897390535161433
440160,6.760577915376677
440347,5.070433436532507
440773,3.120266730173851
441254,0.7800666825434628
441406,10.140866873065015
441409,20.28173374613003
441887,10.140866873065015
442021,10.140866873065015
442207,20.28173374613003
442332,0.8112693498452013
442533,13.521155830753354
443590,20.28173374613003
443804,20.28173374613003
444140,5.070433436532507
444215,2.028173374613003
444358,20.28173374613003
445276,1.8437939769209122
445341,20.28173374613003
445567,20.28173374613003
446004,20.28173374613003
446036,20.28173374613003
446142,2.028173374613003
446316,4.056346749226006
447046,1.5601333650869256
447129,0.5965215807685303
447132,4.772172646148243
447165,20.28173374613003
447378,20.28173374613003
447403,2.897390535161433
447669,10.140866873065015
447801,0.8112693498452013
448025,20.28173374613003
448443,0.6145979923069707
448704,0.7243476337903583
449188,4.056346749226006
449621,13.521155830753354
449653,20.28173374613003
449713,10.140866873065017
449755,2.028173374613003
449789,20.28173374613003
450041,10.140866873065015
450565,4.34608580274215
450822,20.28173374613003
451074,20.28173374613003
451170,13.521155830753354
451509,0.8112693498452013
451829,0.7243476337903583
452445,20.28173374613003
452635,0.7243476337903583
452772,20.28173374613003
452779,20.28173374613003
452857,2.897390535161433
453513,3.120266730173851
453581,0.5965215807685303
453715,3.8631873802152437
453955,0.8112693498452013
454052,8.112693498452012
454063,0.6145979923069707
454112,20.28173374613003
454779,4.056346749226006
455738,20.28173374613003
456258,1.8437939769209122
456431,6.760577915376677
456626,16.901444788441694
457526,20.28173374613003
457724,2.897390535161433
457783,10.140866873065015
457845,10.140866873065017
458160,1.8437939769209122
458391,0.7800666825434628
458803,20.28173374613003
459337,2.7656909653813684
459478,20.28173374613003
459537,3.6875879538418244
460260,20.28173374613003
460261,20.28173374613003
460857,6.240533460347702
460916,20.28173374613003
461275,2.7656909653813684
461348,20.28173374613003
461883,16.901444788441694
462060,20.28173374613003
462337,0.8112693498452013
463224,8.112693498452012
463436,10.140866873065015
463586,2.897390535161433
463835,0.7243476337903583
463849,0.9657968450538109
463944,20.28173374613003
464670,2.897390535161433
464675,20.28173374613003
464966,0.7800666825434628
465270,10.140866873065015
465681,3.3802889576883386
465786,0.7243476337903583
465901,0.5965215807685303
466096,5.070433436532507
466129,1.6901444788441693
466158,20.28173374613003
466406,0.8112693498452013
466584,0.7800666825434628
466717,20.28173374613003
466862,8.112693498452012
466965,10.140866873065015
467858,20.28173374613003
467896,20.28173374613003
467899,0.8112693498452013
468324,10.140866873065015
468492,0.7243476337903583
468529,6.760577915376677
468572,20.28173374613003
468646,20.28173374613003
469234,10.140866873065015
469312,6.760577915376677
469464,5.070433436532507
469600,13.521155830753354
469706,6.760577915376677
469894,0.8112693498452013
470822,0.6145979923069707
471131,15.211300309597524
471393,20.28173374613003
471570,16.901444788441694
471882,0.6145979923069707
472793,10.140866873065015
472965,20.28173374613003
473011,4.34608580274215
473202,20.28173374613003
473228,20.28173374613003
473342,2.028173374613003
473722,20.28173374613003
473880,8.112693498452012
474977,20.28173374613003
475222,2.028173374613003
475929,1.6901444788441693
476110,1.8437939769209122
476176,4.056346749226006
476530,8.112693498452012
476767,20.28173374613003
476962,4.269838683395796
477536,20.28173374613003
477582,0.8112693498452013
477584,0.5965215807685303
477634,1.4486952675807165
477843,1.0140866873065015
478147,20.28173374613003
478191,1.5601333650869256
478207,10.140866873065015
478341,4.056346749226006
478362,1.4486952675807165
478431,20.28173374613003
479374,6.760577915376677
479880,20.28173374613003
480300,20.28173374613003
480328,20.28173374613003
480425,20.28173374613003
480770,5.070433436532507
480929,4.056346749226006
480952,20.28173374613003
481359,5.070433436532507
482161,15.211300309597524
482237,20.28173374613003
482443,10.140866873065015
483594,4.056346749226006
483624,1.6901444788441693
483810,13.521155830753354
484101,4.772172646148243
484170,1.4486952675807165
484184,1.5601333650869256
484439,20.28173374613003
484812,4.056346749226006
485036,20.28173374613003
485115,8.450722394220847
485604,2.028173374613003
485745,6.760577915376677
486184,1.4486952675807165
486470,10.140866873065015
486530,20.28173374613003
486725,4.056346749226006
486927,20.28173374613003
487755,20.28173374613003
487802,20.28173374613003
488121,10.140866873065015
488323,20.28173374613003
488542,16.901444788441694
488549,2.7656909653813684
488819,4.269838683395796
489111,0.9657968450538109
489241,1.5601333650869256
489779,10.140866873065015
489794,3.3802889576883386
490676,4.056346749226006
490798,20.28173374613003
491284,4.056346749226006
491482,3.6875879538418244
491530,3.6875879538418244
491666,5.070433436532507
491678,20.28173374613003
491801,2.028173374613003
491874,20.28173374613003
492095,1.0140866873065015
492794,0.8112693498452013
493266,2.897390535161433
493606,20.28173374613003
494259,4.056346749226006
494471,20.28173374613003
494952,20.28173374613003
495321,6.760577915376677
495488,20.28173374613003
495700,4.056346749226006
496375,2.028173374613003
496423,0.5965215807685303
496719,20.28173374613003
497630,20.28173374613003
497730,0.7800666825434628
497870,20.28173374613003
498251,4.269838683395796
498324,10.140866873065015
498378,0.5965215807685303
498506,10.140866873065015
499245,1.8437939769209122
499258,20.28173374613003
499760,13.521155830753354
500460,13.521155830753354
500462,0.8112693498452013
500757,1.0140866873065015
500775,20.28173374613003
501234,20.28173374613003
501246,6.760577915376677
501684,0.7800666825434628
501836,20.28173374613003
501983,3.3802889576883386
502833,4.772172646148243
502877,2.7656909653813684
502901,20.28173374613003
503050,6.760577915376677
503062,20.28173374613003
503122,10.140866873065015
503302,10.140866873065015
504003,1.0140866873065015
504433,20.28173374613003
504474,3.8631873802152437
504625,2.028173374613003
504930,3.8631873802152437
505206,20.28173374613003
505409,20.28173374613003
505708,0.9657968450538109
506253,20.28173374613003
506271,10.140866873065015
506670,20.28173374613003
506686,20.28173374613003
507120,10.140866873065015
507354,20.28173374613003
507913,20.28173374613003
508498,4.056346749226006
508534,0.7800666825434628
508835,20.28173374613003
508995,4.507051943584452
509206,4.056346749226006
509555,10.140866873065015
509786,0.6145979923069707
509909,2.897390535161433
510312,10.140866873065015
510483,2.897390535161433
511197,20.28173374613003
511388,20.28173374613003
511431,4.056346749226006
511621,0.8112693498452013
512189,1.8437939769209122
512429,4.772172646148243
512876,20.28173374613003
513371,20.28173374613003
514005,20.28173374613003
514404,5.070433436532507
514477,20.28173374613003
514554,1.0140866873065015
515772,2.028173374613003
515808,4.269838683395796
516303,10.140866873065015
516323,4.056346749226006
516702,20.28173374613003
516812,4.772172646148243
516964,10.140866873065015
517155,20.28173374613003
517195,5.070433436532507
517257,3.3802889576883386
518270,3.3802889576883386
518414,20.28173374613003
518473,4.056346749226006
518547,3.120266730173851
518647,10.140866873065015
518852,0.7800666825434628
518859,8.112693498452012
518893,20.28173374613003
519737,20.28173374613003
519834,2.028173374613003
520409,10.140866873065015
521809,8.6921716054843
521909,20.28173374613003
521994,20.28173374613003
522115,20.28173374613003
522733,20.28173374613003
522741,4.269838683395796
522907,20.28173374613003
523439,6.760577915376677
523929,20.28173374613003
524022,1.6901444788441693
524494,6.760577915376677
524885,1.4486952675807165
524953,20.28173374613003
525285,10.140866873065015
525618,1.0140866873065015
525797,1.4486952675807165
526441,10.140866873065015
526871,10.140866873065015
527511,0.8112693498452013
527653,20.28173374613003
527774,8.450722394220847
527891,1.6901444788441693
528107,20.28173374613003
528542,2.7656909653813684
528558,5.070433436532507
528630,10.140866873065015
529326,1.4486952675807165
530041,0.6145979923069707
530235,20.28173374613003
530420,0.7243476337903583
530495,10.140866873065015
530908,20.28173374613003
531798,5.070433436532507
531913,8.6921716054843
531989,6.760577915376677
532367,10.140866873065015
532820,4.34608580274215
533096,3.3802889576883386
533104,20.28173374613003
533210,4.056346749226006
533399,10.140866873065015
533440,1.4486952675807165
533585,20.28173374613003
533622,5.794781070322866
533722,20.28173374613003
533779,0.5965215807685303
533912,10.140866873065015
533984,20.28173374613003
533988,3.3802889576883386
534030,6.760577915376677
534556,20.28173374613003
535058,10.140866873065015
535597,20.28173374613003
535860,20.28173374613003
536004,4.056346749226006
536045,6.760577915376677
536050,4.056346749226006
536445,10.140866873065015
536493,0.6145979923069707
536499,13.521155830753354
537568,20.28173374613003
537921,1.8437939769209122
538184,1.8437939769209122
538188,3.3802889576883386
538634,8.112693498452012
538693,15.211300309597524
539257,20.28173374613003
539473,10.140866873065015
539675,4.507051943584452
539820,6.760577915376677
540272,20.28173374613003
540354,1.4486952675807165
540409,0.7243476337903583
540595,20.28173374613003
540602,0.5965215807685303
540659,0.8112693498452013
540776,0.6145979923069707
541184,20.28173374613003
541390,4.056346749226006
541464,4.772172646148243
541590,2.028173374613003
541732,10.140866873065015
542124,10.140866873065015
543597,20.28173374613003
543628,13.521155830753354
543709,20.28173374613003
544076,0.8112693498452013
544167,5.070433436532507
544172,10.140866873065015
545027,0.8112693498452013
545297,20.28173374613003
546673,20.28173374613003
546716,1.5601333650869256
546772,1.0140866873065015
546816,6.240533460347702
547148,10.140866873065015
547372,4.056346749226006
547635,20.28173374613003
548538,2.897390535161433
548729,20.28173374613003
549120,1.6901444788441693
549894,20.28173374613003
549935,10.140866873065015
549946,10.140866873065015
